,participantId,format,duration_sec,task,confidence,difficulty
0,659960f32faa4ff4b116de92,toml,6.977,writing-task-NL,7,1
1,659960f32faa4ff4b116de92,toml,8.721,reading-task-config-1,1,5
2,659960f32faa4ff4b116de92,toml,11.711,reading-task-config-2,5,4
3,659960f32faa4ff4b116de92,toml,9.016,reading-task-config-3,2,4
4,659960f32faa4ff4b116de92,toml,4.735,reading-task-config-4,1,7
5,659960f32faa4ff4b116de92,toml,3.386,reading-task-config-5,7,1
6,659960f32faa4ff4b116de92,toml,5.138,writing-task-config,1,7
7,659960f32faa4ff4b116de92,toml,4.6,modifying-task-config-1,3,1
8,659960f32faa4ff4b116de92,toml,6.009,modifying-task-config-2,2,3
9,659960f32faa4ff4b116de92,toml,3.136,modifying-task-config-3,7,1
10,659960f32faa4ff4b116de92,toml,4.431,modifying-task-config-4,5,3
11,5f7f239e9b204e05b6c36538,json5,5.518,writing-task-NL,1,1
12,5f7f239e9b204e05b6c36538,json5,6.46,reading-task-config-1,2,4
13,5f7f239e9b204e05b6c36538,json5,4.186,reading-task-config-2,3,1
14,5f7f239e9b204e05b6c36538,json5,4.032,reading-task-config-3,6,1
15,5f7f239e9b204e05b6c36538,json5,3.773,reading-task-config-4,1,7
16,5f7f239e9b204e05b6c36538,json5,3.142,reading-task-config-5,1,7
17,5f7f239e9b204e05b6c36538,json5,5.877,writing-task-config,1,7
18,5f7f239e9b204e05b6c36538,json5,3.913,modifying-task-config-1,1,7
19,5f7f239e9b204e05b6c36538,json5,4.755,modifying-task-config-2,1,7
20,5f7f239e9b204e05b6c36538,json5,4.167,modifying-task-config-3,4,3
21,5f7f239e9b204e05b6c36538,json5,3.869,modifying-task-config-4,2,5
22,676d220cd6e7101ccba18ba5,jsonc,20.723,writing-task-NL,7,2
23,676d220cd6e7101ccba18ba5,jsonc,10.656,reading-task-config-1,6,3
24,676d220cd6e7101ccba18ba5,jsonc,11.135,reading-task-config-2,4,5
25,676d220cd6e7101ccba18ba5,jsonc,10.833,reading-task-config-3,7,2
26,676d220cd6e7101ccba18ba5,jsonc,9.799,reading-task-config-4,3,7
27,676d220cd6e7101ccba18ba5,jsonc,6.674,reading-task-config-5,2,6
28,676d220cd6e7101ccba18ba5,jsonc,9.682,writing-task-config,3,7
29,676d220cd6e7101ccba18ba5,jsonc,5.416,modifying-task-config-1,2,7
30,676d220cd6e7101ccba18ba5,jsonc,5.224,modifying-task-config-2,1,7
31,676d220cd6e7101ccba18ba5,jsonc,6.128,modifying-task-config-3,5,4
32,676d220cd6e7101ccba18ba5,jsonc,5.821,modifying-task-config-4,1,7
33,67b8636acd5ed420cc098b64,toml,36.648,writing-task-NL,7,7
34,67b8636acd5ed420cc098b64,toml,16.775,reading-task-config-1,3,7
35,67b8636acd5ed420cc098b64,toml,21.747,reading-task-config-2,1,4
36,67b8636acd5ed420cc098b64,toml,15.711,reading-task-config-3,1,7
37,67b8636acd5ed420cc098b64,toml,16.456,reading-task-config-4,2,7
38,67b8636acd5ed420cc098b64,toml,8.569,reading-task-config-5,7,1
39,67b8636acd5ed420cc098b64,toml,7.183,writing-task-config,1,7
40,67b8636acd5ed420cc098b64,toml,11.741,modifying-task-config-1,2,7
41,67b8636acd5ed420cc098b64,toml,21.549,modifying-task-config-2,1,7
42,67b8636acd5ed420cc098b64,toml,21.831,modifying-task-config-3,2,4
43,67b8636acd5ed420cc098b64,toml,15.312,modifying-task-config-4,3,5
44,57ca4b09993b08000192297b,xml,7.52,writing-task-NL,4,1
45,57ca4b09993b08000192297b,xml,7.203,reading-task-config-1,7,1
46,57ca4b09993b08000192297b,xml,4.803,reading-task-config-2,7,1
47,57ca4b09993b08000192297b,xml,4.615,reading-task-config-3,6,3
48,57ca4b09993b08000192297b,xml,6.73,reading-task-config-4,6,2
49,57ca4b09993b08000192297b,xml,4.242,reading-task-config-5,7,1
50,57ca4b09993b08000192297b,xml,4.757,writing-task-config,4,4
51,57ca4b09993b08000192297b,xml,2.996,modifying-task-config-1,7,2
52,57ca4b09993b08000192297b,xml,5.56,modifying-task-config-2,6,2
53,57ca4b09993b08000192297b,xml,6.464,modifying-task-config-3,5,5
54,57ca4b09993b08000192297b,xml,7.116,modifying-task-config-4,2,6
55,67d1cc8044430e99a7d91b4a,toml,5.158,writing-task-NL,7,1
56,67d1cc8044430e99a7d91b4a,toml,21.206,reading-task-config-1,7,5
57,67d1cc8044430e99a7d91b4a,toml,11.885,reading-task-config-2,7,1
58,67d1cc8044430e99a7d91b4a,toml,15.873,reading-task-config-3,5,4
59,67d1cc8044430e99a7d91b4a,toml,4.805,reading-task-config-4,5,5
60,67d1cc8044430e99a7d91b4a,toml,7.107,reading-task-config-5,7,2
61,67d1cc8044430e99a7d91b4a,toml,21.865,writing-task-config,6,4
62,67d1cc8044430e99a7d91b4a,toml,9.034,modifying-task-config-1,6,1
63,67d1cc8044430e99a7d91b4a,toml,16.397,modifying-task-config-2,4,7
64,67d1cc8044430e99a7d91b4a,toml,5.027,modifying-task-config-3,6,2
65,67d1cc8044430e99a7d91b4a,toml,12.147,modifying-task-config-4,4,7
66,6693ce87e76d32ccf07fbcd8,xml,17.695,writing-task-NL,7,1
67,6693ce87e76d32ccf07fbcd8,xml,11.581,reading-task-config-1,7,1
68,6693ce87e76d32ccf07fbcd8,xml,12.633,reading-task-config-2,7,3
69,6693ce87e76d32ccf07fbcd8,xml,10.444,reading-task-config-3,7,1
70,6693ce87e76d32ccf07fbcd8,xml,10.182,reading-task-config-4,7,1
71,6693ce87e76d32ccf07fbcd8,xml,7.709,reading-task-config-5,7,1
72,6693ce87e76d32ccf07fbcd8,xml,12.287,writing-task-config,3,5
73,6693ce87e76d32ccf07fbcd8,xml,6.473,modifying-task-config-1,7,1
74,6693ce87e76d32ccf07fbcd8,xml,10.575,modifying-task-config-2,7,1
75,6693ce87e76d32ccf07fbcd8,xml,15.174,modifying-task-config-3,6,2
76,6693ce87e76d32ccf07fbcd8,xml,5.358,modifying-task-config-4,7,1
77,680ebf035ab59d342f31726e,hjson,12.151,writing-task-NL,7,2
78,680ebf035ab59d342f31726e,hjson,10.186,reading-task-config-1,7,2
79,680ebf035ab59d342f31726e,hjson,9.392,reading-task-config-2,7,2
80,680ebf035ab59d342f31726e,hjson,6.95,reading-task-config-3,7,2
81,680ebf035ab59d342f31726e,hjson,6.673,reading-task-config-4,7,2
82,680ebf035ab59d342f31726e,hjson,7.512,reading-task-config-5,7,2
83,680ebf035ab59d342f31726e,hjson,7.093,writing-task-config,6,4
84,680ebf035ab59d342f31726e,hjson,5.386,modifying-task-config-1,7,2
85,680ebf035ab59d342f31726e,hjson,6.49,modifying-task-config-2,7,2
86,680ebf035ab59d342f31726e,hjson,6.016,modifying-task-config-3,7,2
87,680ebf035ab59d342f31726e,hjson,8.845,modifying-task-config-4,5,4
88,67f0d86fabc081fdc410e828,yaml,9.049,writing-task-NL,7,1
89,67f0d86fabc081fdc410e828,yaml,14.572,reading-task-config-1,5,7
90,67f0d86fabc081fdc410e828,yaml,9.113,reading-task-config-2,7,5
91,67f0d86fabc081fdc410e828,yaml,8.524,reading-task-config-3,7,1
92,67f0d86fabc081fdc410e828,yaml,8.996,reading-task-config-4,6,3
93,67f0d86fabc081fdc410e828,yaml,5.542,reading-task-config-5,7,1
94,67f0d86fabc081fdc410e828,yaml,8.749,writing-task-config,1,7
95,67f0d86fabc081fdc410e828,yaml,7.215,modifying-task-config-1,7,1
96,67f0d86fabc081fdc410e828,yaml,5.084,modifying-task-config-2,7,1
97,67f0d86fabc081fdc410e828,yaml,9.256,modifying-task-config-3,6,1
98,67f0d86fabc081fdc410e828,yaml,6.383,modifying-task-config-4,5,3
99,6691809035e52ca9b2b0f39a,yaml,17.062,writing-task-NL,6,5
100,6691809035e52ca9b2b0f39a,yaml,10.776,reading-task-config-1,7,1
101,6691809035e52ca9b2b0f39a,yaml,9.305,reading-task-config-2,7,5
102,6691809035e52ca9b2b0f39a,yaml,6.867,reading-task-config-3,7,1
103,6691809035e52ca9b2b0f39a,yaml,11.557,reading-task-config-4,5,4
104,6691809035e52ca9b2b0f39a,yaml,5.628,reading-task-config-5,7,1
105,6691809035e52ca9b2b0f39a,yaml,8.633,writing-task-config,1,7
106,6691809035e52ca9b2b0f39a,yaml,9.934,modifying-task-config-1,2,3
107,6691809035e52ca9b2b0f39a,yaml,5.166,modifying-task-config-2,5,4
108,6691809035e52ca9b2b0f39a,yaml,5.422,modifying-task-config-3,1,4
109,6691809035e52ca9b2b0f39a,yaml,5.207,modifying-task-config-4,2,4
110,678faf5b31008609fd85b185,json5,7.831,writing-task-NL,3,3
111,678faf5b31008609fd85b185,json5,11.136,reading-task-config-1,2,6
112,678faf5b31008609fd85b185,json5,7.999,reading-task-config-2,3,6
113,678faf5b31008609fd85b185,json5,9.99,reading-task-config-3,6,3
114,678faf5b31008609fd85b185,json5,6.731,reading-task-config-4,4,6
115,678faf5b31008609fd85b185,json5,6.755,reading-task-config-5,6,2
116,678faf5b31008609fd85b185,json5,6.862,writing-task-config,2,7
117,678faf5b31008609fd85b185,json5,5.588,modifying-task-config-1,4,2
118,678faf5b31008609fd85b185,json5,11.589,modifying-task-config-2,4,4
119,678faf5b31008609fd85b185,json5,5.936,modifying-task-config-3,4,4
120,678faf5b31008609fd85b185,json5,7.078,modifying-task-config-4,1,7
121,65e85a421f2dee53c62fbf45,json5,10.27,writing-task-NL,7,1
122,65e85a421f2dee53c62fbf45,json5,20.045,reading-task-config-1,6,1
123,65e85a421f2dee53c62fbf45,json5,12.871,reading-task-config-2,6,2
124,65e85a421f2dee53c62fbf45,json5,8.653,reading-task-config-3,4,4
125,65e85a421f2dee53c62fbf45,json5,9.202,reading-task-config-4,3,7
126,65e85a421f2dee53c62fbf45,json5,7.793,reading-task-config-5,7,1
127,65e85a421f2dee53c62fbf45,json5,7.542,writing-task-config,1,7
128,65e85a421f2dee53c62fbf45,json5,13.243,modifying-task-config-1,7,1
129,65e85a421f2dee53c62fbf45,json5,6.965,modifying-task-config-2,4,7
130,65e85a421f2dee53c62fbf45,json5,10.346,modifying-task-config-3,5,5
131,65e85a421f2dee53c62fbf45,json5,11.982,modifying-task-config-4,6,3
132,66b223d532199c29ed32c8f4,jsonc,7.844,writing-task-NL,7,1
133,66b223d532199c29ed32c8f4,jsonc,4.113,reading-task-config-1,7,1
134,66b223d532199c29ed32c8f4,jsonc,4.098,reading-task-config-2,7,1
135,66b223d532199c29ed32c8f4,jsonc,2.848,reading-task-config-3,7,1
136,66b223d532199c29ed32c8f4,jsonc,3.615,reading-task-config-4,7,2
137,66b223d532199c29ed32c8f4,jsonc,3.291,reading-task-config-5,7,1
138,66b223d532199c29ed32c8f4,jsonc,9.657,writing-task-config,4,5
139,66b223d532199c29ed32c8f4,jsonc,8.0,modifying-task-config-1,7,3
140,66b223d532199c29ed32c8f4,jsonc,13.517,modifying-task-config-2,7,5
141,66b223d532199c29ed32c8f4,jsonc,5.711,modifying-task-config-3,3,6
142,66b223d532199c29ed32c8f4,jsonc,3.836,modifying-task-config-4,7,1
143,666b0b42bb6fa2822fa27a32,json5,8.687,writing-task-NL,1,1
144,666b0b42bb6fa2822fa27a32,json5,9.237,reading-task-config-1,4,3
145,666b0b42bb6fa2822fa27a32,json5,4.612,reading-task-config-2,5,2
146,666b0b42bb6fa2822fa27a32,json5,4.612,reading-task-config-3,3,5
147,666b0b42bb6fa2822fa27a32,json5,5.181,reading-task-config-4,4,3
148,666b0b42bb6fa2822fa27a32,json5,3.363,reading-task-config-5,6,1
149,666b0b42bb6fa2822fa27a32,json5,5.519,writing-task-config,4,4
150,666b0b42bb6fa2822fa27a32,json5,4.92,modifying-task-config-1,4,3
151,666b0b42bb6fa2822fa27a32,json5,7.088,modifying-task-config-2,3,5
152,666b0b42bb6fa2822fa27a32,json5,6.303,modifying-task-config-3,6,2
153,666b0b42bb6fa2822fa27a32,json5,5.91,modifying-task-config-4,5,3
154,60f70af563ef757f65e750e0,xml,10.933,writing-task-NL,7,1
155,60f70af563ef757f65e750e0,xml,12.75,reading-task-config-1,5,3
156,60f70af563ef757f65e750e0,xml,11.219,reading-task-config-2,6,3
157,60f70af563ef757f65e750e0,xml,9.092,reading-task-config-3,4,3
158,60f70af563ef757f65e750e0,xml,11.558,reading-task-config-4,4,4
159,60f70af563ef757f65e750e0,xml,21.258,reading-task-config-5,4,3
160,60f70af563ef757f65e750e0,xml,18.96,writing-task-config,2,6
161,60f70af563ef757f65e750e0,xml,23.547,modifying-task-config-1,4,5
162,60f70af563ef757f65e750e0,xml,8.624,modifying-task-config-2,5,3
163,60f70af563ef757f65e750e0,xml,8.886,modifying-task-config-3,5,3
164,60f70af563ef757f65e750e0,xml,5.951,modifying-task-config-4,3,4
165,670f9ddb0e32533c222c3031,json,17.024,writing-task-NL,6,3
166,670f9ddb0e32533c222c3031,json,8.585,reading-task-config-1,4,5
167,670f9ddb0e32533c222c3031,json,4.301,reading-task-config-2,4,5
168,670f9ddb0e32533c222c3031,json,3.28,reading-task-config-3,6,5
169,670f9ddb0e32533c222c3031,json,6.434,reading-task-config-4,5,6
170,670f9ddb0e32533c222c3031,json,7.617,reading-task-config-5,6,4
171,670f9ddb0e32533c222c3031,json,6.306,writing-task-config,6,5
172,670f9ddb0e32533c222c3031,json,5.693,modifying-task-config-1,5,4
173,670f9ddb0e32533c222c3031,json,5.552,modifying-task-config-2,6,4
174,670f9ddb0e32533c222c3031,json,5.678,modifying-task-config-3,6,4
175,670f9ddb0e32533c222c3031,json,5.274,modifying-task-config-4,6,4
176,67d03135f855dd0ff0994265,toml,17.818,writing-task-NL,6,1
177,67d03135f855dd0ff0994265,toml,9.205,reading-task-config-1,4,2
178,67d03135f855dd0ff0994265,toml,12.518,reading-task-config-2,6,2
179,67d03135f855dd0ff0994265,toml,6.019,reading-task-config-3,6,1
180,67d03135f855dd0ff0994265,toml,8.296,reading-task-config-4,1,4
181,67d03135f855dd0ff0994265,toml,8.364,reading-task-config-5,2,5
182,67d03135f855dd0ff0994265,toml,9.385,writing-task-config,3,5
183,67d03135f855dd0ff0994265,toml,7.635,modifying-task-config-1,2,5
184,67d03135f855dd0ff0994265,toml,11.455,modifying-task-config-2,4,3
185,67d03135f855dd0ff0994265,toml,6.063,modifying-task-config-3,3,3
186,67d03135f855dd0ff0994265,toml,7.134,modifying-task-config-4,3,3
187,674f479b2a4ef75e4551f258,json5,14.959,writing-task-NL,6,2
188,674f479b2a4ef75e4551f258,json5,10.764,reading-task-config-1,6,2
189,674f479b2a4ef75e4551f258,json5,8.869,reading-task-config-2,6,1
190,674f479b2a4ef75e4551f258,json5,4.576,reading-task-config-3,7,1
191,674f479b2a4ef75e4551f258,json5,7.52,reading-task-config-4,5,3
192,674f479b2a4ef75e4551f258,json5,7.71,reading-task-config-5,4,4
193,674f479b2a4ef75e4551f258,json5,6.272,writing-task-config,6,2
194,674f479b2a4ef75e4551f258,json5,7.139,modifying-task-config-1,6,2
195,674f479b2a4ef75e4551f258,json5,7.572,modifying-task-config-2,4,3
196,674f479b2a4ef75e4551f258,json5,6.344,modifying-task-config-3,6,2
197,674f479b2a4ef75e4551f258,json5,9.307,modifying-task-config-4,3,4
198,682ac845e44bb325e260d19c,jsonc,20.951,writing-task-NL,7,1
199,682ac845e44bb325e260d19c,jsonc,10.351,reading-task-config-1,2,7
200,682ac845e44bb325e260d19c,jsonc,6.023,reading-task-config-2,1,7
201,682ac845e44bb325e260d19c,jsonc,6.924,reading-task-config-3,2,6
202,682ac845e44bb325e260d19c,jsonc,9.812,reading-task-config-4,3,3
203,682ac845e44bb325e260d19c,jsonc,8.861,reading-task-config-5,1,7
204,682ac845e44bb325e260d19c,jsonc,7.72,writing-task-config,7,1
205,682ac845e44bb325e260d19c,jsonc,7.218,modifying-task-config-1,7,1
206,682ac845e44bb325e260d19c,jsonc,6.547,modifying-task-config-2,6,5
207,682ac845e44bb325e260d19c,jsonc,8.216,modifying-task-config-3,4,3
208,682ac845e44bb325e260d19c,jsonc,6.936,modifying-task-config-4,3,2
209,5ee4a14b578f8a000b384376,yaml,6.879,writing-task-NL,7,1
210,5ee4a14b578f8a000b384376,yaml,7.493,reading-task-config-1,7,2
211,5ee4a14b578f8a000b384376,yaml,5.415,reading-task-config-2,7,2
212,5ee4a14b578f8a000b384376,yaml,5.827,reading-task-config-3,7,2
213,5ee4a14b578f8a000b384376,yaml,5.831,reading-task-config-4,3,4
214,5ee4a14b578f8a000b384376,yaml,5.059,reading-task-config-5,5,3
215,5ee4a14b578f8a000b384376,yaml,6.974,writing-task-config,1,7
216,5ee4a14b578f8a000b384376,yaml,3.962,modifying-task-config-1,6,2
217,5ee4a14b578f8a000b384376,yaml,4.498,modifying-task-config-2,6,4
218,5ee4a14b578f8a000b384376,yaml,4.574,modifying-task-config-3,1,7
219,5ee4a14b578f8a000b384376,yaml,5.939,modifying-task-config-4,1,7
220,63af557b3d4f219c3226b7d6,yaml,7.83,writing-task-NL,6,2
221,63af557b3d4f219c3226b7d6,yaml,9.135,reading-task-config-1,6,3
222,63af557b3d4f219c3226b7d6,yaml,6.186,reading-task-config-2,5,3
223,63af557b3d4f219c3226b7d6,yaml,6.165,reading-task-config-3,5,3
224,63af557b3d4f219c3226b7d6,yaml,5.899,reading-task-config-4,4,5
225,63af557b3d4f219c3226b7d6,yaml,4.963,reading-task-config-5,5,3
226,63af557b3d4f219c3226b7d6,yaml,7.401,writing-task-config,1,7
227,63af557b3d4f219c3226b7d6,yaml,5.11,modifying-task-config-1,1,6
228,63af557b3d4f219c3226b7d6,yaml,5.107,modifying-task-config-2,2,5
229,63af557b3d4f219c3226b7d6,yaml,5.759,modifying-task-config-3,1,6
230,63af557b3d4f219c3226b7d6,yaml,5.517,modifying-task-config-4,1,7
231,65583ffa38bfc41805a553cd,hjson,9.568,writing-task-NL,7,1
232,65583ffa38bfc41805a553cd,hjson,11.544,reading-task-config-1,4,4
233,65583ffa38bfc41805a553cd,hjson,10.666,reading-task-config-2,6,2
234,65583ffa38bfc41805a553cd,hjson,8.636,reading-task-config-3,6,2
235,65583ffa38bfc41805a553cd,hjson,12.792,reading-task-config-4,1,7
236,65583ffa38bfc41805a553cd,hjson,15.889,reading-task-config-5,6,1
237,65583ffa38bfc41805a553cd,hjson,6.655,writing-task-config,1,7
238,65583ffa38bfc41805a553cd,hjson,5.485,modifying-task-config-1,7,1
239,65583ffa38bfc41805a553cd,hjson,13.994,modifying-task-config-2,7,2
240,65583ffa38bfc41805a553cd,hjson,5.197,modifying-task-config-3,7,1
241,65583ffa38bfc41805a553cd,hjson,6.951,modifying-task-config-4,1,7
242,66684d30d1a0d64a3a348c82,yaml,14.671,writing-task-NL,6,1
243,66684d30d1a0d64a3a348c82,yaml,10.584,reading-task-config-1,4,6
244,66684d30d1a0d64a3a348c82,yaml,8.751,reading-task-config-2,4,6
245,66684d30d1a0d64a3a348c82,yaml,9.851,reading-task-config-3,4,5
246,66684d30d1a0d64a3a348c82,yaml,8.59,reading-task-config-4,3,7
247,66684d30d1a0d64a3a348c82,yaml,6.249,reading-task-config-5,3,6
248,66684d30d1a0d64a3a348c82,yaml,9.414,writing-task-config,2,7
249,66684d30d1a0d64a3a348c82,yaml,7.815,modifying-task-config-1,1,7
250,66684d30d1a0d64a3a348c82,yaml,9.798,modifying-task-config-2,3,6
251,66684d30d1a0d64a3a348c82,yaml,7.876,modifying-task-config-3,1,7
252,66684d30d1a0d64a3a348c82,yaml,8.12,modifying-task-config-4,1,7
253,60ec51c51a3158a50ded8a3e,json5,6.778,writing-task-NL,6,2
254,60ec51c51a3158a50ded8a3e,json5,5.769,reading-task-config-1,7,1
255,60ec51c51a3158a50ded8a3e,json5,3.681,reading-task-config-2,6,2
256,60ec51c51a3158a50ded8a3e,json5,3.353,reading-task-config-3,7,1
257,60ec51c51a3158a50ded8a3e,json5,6.62,reading-task-config-4,5,3
258,60ec51c51a3158a50ded8a3e,json5,8.631,reading-task-config-5,5,2
259,60ec51c51a3158a50ded8a3e,json5,7.259,writing-task-config,5,4
260,60ec51c51a3158a50ded8a3e,json5,5.365,modifying-task-config-1,5,3
261,60ec51c51a3158a50ded8a3e,json5,9.473,modifying-task-config-2,5,3
262,60ec51c51a3158a50ded8a3e,json5,8.818,modifying-task-config-3,4,3
263,60ec51c51a3158a50ded8a3e,json5,6.585,modifying-task-config-4,3,3
264,671bdd06525adeea062a1d73,json,5.284,writing-task-NL,7,1
265,671bdd06525adeea062a1d73,json,4.265,reading-task-config-1,7,1
266,671bdd06525adeea062a1d73,json,4.021,reading-task-config-2,7,1
267,671bdd06525adeea062a1d73,json,3.151,reading-task-config-3,7,1
268,671bdd06525adeea062a1d73,json,3.398,reading-task-config-4,7,1
269,671bdd06525adeea062a1d73,json,4.027,reading-task-config-5,7,1
270,671bdd06525adeea062a1d73,json,2.761,writing-task-config,7,1
271,671bdd06525adeea062a1d73,json,3.862,modifying-task-config-1,7,1
272,671bdd06525adeea062a1d73,json,3.628,modifying-task-config-2,7,1
273,671bdd06525adeea062a1d73,json,2.57,modifying-task-config-3,7,1
274,671bdd06525adeea062a1d73,json,2.61,modifying-task-config-4,7,1
275,6647e8618c77f7b938865d25,json5,10.699,writing-task-NL,7,1
276,6647e8618c77f7b938865d25,json5,13.99,reading-task-config-1,7,5
277,6647e8618c77f7b938865d25,json5,7.705,reading-task-config-2,3,6
278,6647e8618c77f7b938865d25,json5,5.724,reading-task-config-3,7,1
279,6647e8618c77f7b938865d25,json5,7.549,reading-task-config-4,4,6
280,6647e8618c77f7b938865d25,json5,5.625,reading-task-config-5,6,3
281,6647e8618c77f7b938865d25,json5,10.409,writing-task-config,6,6
282,6647e8618c77f7b938865d25,json5,6.763,modifying-task-config-1,7,2
283,6647e8618c77f7b938865d25,json5,7.556,modifying-task-config-2,7,3
284,6647e8618c77f7b938865d25,json5,8.012,modifying-task-config-3,6,5
285,6647e8618c77f7b938865d25,json5,5.995,modifying-task-config-4,7,2
286,5e5c993cd0394c474f7cc502,toml,6.081,writing-task-NL,7,7
287,5e5c993cd0394c474f7cc502,toml,5.736,reading-task-config-1,7,1
288,5e5c993cd0394c474f7cc502,toml,4.267,reading-task-config-2,6,2
289,5e5c993cd0394c474f7cc502,toml,3.078,reading-task-config-3,7,1
290,5e5c993cd0394c474f7cc502,toml,4.756,reading-task-config-4,7,2
291,5e5c993cd0394c474f7cc502,toml,2.647,reading-task-config-5,7,1
292,5e5c993cd0394c474f7cc502,toml,6.678,writing-task-config,3,7
293,5e5c993cd0394c474f7cc502,toml,4.282,modifying-task-config-1,3,2
294,5e5c993cd0394c474f7cc502,toml,3.685,modifying-task-config-2,6,2
295,5e5c993cd0394c474f7cc502,toml,4.655,modifying-task-config-3,4,2
296,5e5c993cd0394c474f7cc502,toml,7.078,modifying-task-config-4,1,5
297,67c045fa5074c5500ca40e76,xml,19.304,writing-task-NL,7,1
298,67c045fa5074c5500ca40e76,xml,12.946,reading-task-config-1,6,7
299,67c045fa5074c5500ca40e76,xml,9.056,reading-task-config-2,4,7
300,67c045fa5074c5500ca40e76,xml,13.929,reading-task-config-3,5,6
301,67c045fa5074c5500ca40e76,xml,7.74,reading-task-config-4,6,7
302,67c045fa5074c5500ca40e76,xml,8.026,reading-task-config-5,5,7
303,67c045fa5074c5500ca40e76,xml,6.81,writing-task-config,6,7
304,67c045fa5074c5500ca40e76,xml,10.258,modifying-task-config-1,3,7
305,67c045fa5074c5500ca40e76,xml,9.971,modifying-task-config-2,2,7
306,67c045fa5074c5500ca40e76,xml,9.834,modifying-task-config-3,1,7
307,67c045fa5074c5500ca40e76,xml,13.204,modifying-task-config-4,1,7
308,67d2eaf9d5996dc6be1c7072,xml,8.001,writing-task-NL,7,1
309,67d2eaf9d5996dc6be1c7072,xml,7.374,reading-task-config-1,7,1
310,67d2eaf9d5996dc6be1c7072,xml,4.095,reading-task-config-2,7,1
311,67d2eaf9d5996dc6be1c7072,xml,6.322,reading-task-config-3,4,5
312,67d2eaf9d5996dc6be1c7072,xml,6.171,reading-task-config-4,5,4
313,67d2eaf9d5996dc6be1c7072,xml,4.727,reading-task-config-5,7,1
314,67d2eaf9d5996dc6be1c7072,xml,5.195,writing-task-config,1,7
315,67d2eaf9d5996dc6be1c7072,xml,6.104,modifying-task-config-1,7,1
316,67d2eaf9d5996dc6be1c7072,xml,11.958,modifying-task-config-2,1,7
317,67d2eaf9d5996dc6be1c7072,xml,4.148,modifying-task-config-3,3,5
318,67d2eaf9d5996dc6be1c7072,xml,5.832,modifying-task-config-4,3,5
319,60e2ebb6ad1d5ee0e515a7c5,yaml,15.981,writing-task-NL,3,2
320,60e2ebb6ad1d5ee0e515a7c5,yaml,11.868,reading-task-config-1,2,4
321,60e2ebb6ad1d5ee0e515a7c5,yaml,9.095,reading-task-config-2,3,4
322,60e2ebb6ad1d5ee0e515a7c5,yaml,10.237,reading-task-config-3,5,2
323,60e2ebb6ad1d5ee0e515a7c5,yaml,9.1,reading-task-config-4,1,6
324,60e2ebb6ad1d5ee0e515a7c5,yaml,4.712,reading-task-config-5,7,1
325,60e2ebb6ad1d5ee0e515a7c5,yaml,7.886,writing-task-config,1,7
326,60e2ebb6ad1d5ee0e515a7c5,yaml,6.44,modifying-task-config-1,7,1
327,60e2ebb6ad1d5ee0e515a7c5,yaml,13.322,modifying-task-config-2,4,2
328,60e2ebb6ad1d5ee0e515a7c5,yaml,10.152,modifying-task-config-3,5,3
329,60e2ebb6ad1d5ee0e515a7c5,yaml,8.133,modifying-task-config-4,3,5
330,67d11093c44f4d7f6439251d,jsonc,8.263,writing-task-NL,7,4
331,67d11093c44f4d7f6439251d,jsonc,10.078,reading-task-config-1,6,1
332,67d11093c44f4d7f6439251d,jsonc,5.326,reading-task-config-2,7,1
333,67d11093c44f4d7f6439251d,jsonc,5.614,reading-task-config-3,5,3
334,67d11093c44f4d7f6439251d,jsonc,6.592,reading-task-config-4,5,4
335,67d11093c44f4d7f6439251d,jsonc,6.098,reading-task-config-5,6,1
336,67d11093c44f4d7f6439251d,jsonc,6.589,writing-task-config,5,6
337,67d11093c44f4d7f6439251d,jsonc,4.366,modifying-task-config-1,7,1
338,67d11093c44f4d7f6439251d,jsonc,7.559,modifying-task-config-2,7,2
339,67d11093c44f4d7f6439251d,jsonc,5.152,modifying-task-config-3,4,3
340,67d11093c44f4d7f6439251d,jsonc,4.645,modifying-task-config-4,3,4
341,6745fae180d1fe9990e66532,jsonc,8.538,writing-task-NL,7,2
342,6745fae180d1fe9990e66532,jsonc,5.93,reading-task-config-1,7,2
343,6745fae180d1fe9990e66532,jsonc,3.159,reading-task-config-2,7,2
344,6745fae180d1fe9990e66532,jsonc,3.939,reading-task-config-3,7,2
345,6745fae180d1fe9990e66532,jsonc,3.736,reading-task-config-4,7,2
346,6745fae180d1fe9990e66532,jsonc,3.207,reading-task-config-5,7,2
347,6745fae180d1fe9990e66532,jsonc,11.343,writing-task-config,3,6
348,6745fae180d1fe9990e66532,jsonc,10.394,modifying-task-config-1,6,4
349,6745fae180d1fe9990e66532,jsonc,4.032,modifying-task-config-2,7,2
350,6745fae180d1fe9990e66532,jsonc,6.409,modifying-task-config-3,7,1
351,6745fae180d1fe9990e66532,jsonc,3.957,modifying-task-config-4,6,3
352,67153c0d669d191ab273b865,yaml,13.768,writing-task-NL,7,1
353,67153c0d669d191ab273b865,yaml,10.632,reading-task-config-1,4,7
354,67153c0d669d191ab273b865,yaml,7.854,reading-task-config-2,4,7
355,67153c0d669d191ab273b865,yaml,5.254,reading-task-config-3,7,4
356,67153c0d669d191ab273b865,yaml,8.98,reading-task-config-4,3,7
357,67153c0d669d191ab273b865,yaml,5.889,reading-task-config-5,6,6
358,67153c0d669d191ab273b865,yaml,19.295,writing-task-config,1,7
359,67153c0d669d191ab273b865,yaml,5.576,modifying-task-config-1,1,7
360,67153c0d669d191ab273b865,yaml,5.44,modifying-task-config-2,6,7
361,67153c0d669d191ab273b865,yaml,5.22,modifying-task-config-3,1,7
362,67153c0d669d191ab273b865,yaml,4.035,modifying-task-config-4,2,7
363,67ab1d683813ed19603e1030,yaml,8.864,writing-task-NL,7,1
364,67ab1d683813ed19603e1030,yaml,9.634,reading-task-config-1,5,4
365,67ab1d683813ed19603e1030,yaml,3.342,reading-task-config-2,7,1
366,67ab1d683813ed19603e1030,yaml,2.619,reading-task-config-3,7,1
367,67ab1d683813ed19603e1030,yaml,5.067,reading-task-config-4,2,6
368,67ab1d683813ed19603e1030,yaml,2.728,reading-task-config-5,7,1
369,67ab1d683813ed19603e1030,yaml,5.387,writing-task-config,2,5
370,67ab1d683813ed19603e1030,yaml,2.788,modifying-task-config-1,7,1
371,67ab1d683813ed19603e1030,yaml,6.509,modifying-task-config-2,5,3
372,67ab1d683813ed19603e1030,yaml,5.063,modifying-task-config-3,1,6
373,67ab1d683813ed19603e1030,yaml,3.548,modifying-task-config-4,7,1
374,60e343946a7faddde88fbe3c,yaml,12.634,writing-task-NL,7,1
375,60e343946a7faddde88fbe3c,yaml,10.047,reading-task-config-1,7,1
376,60e343946a7faddde88fbe3c,yaml,7.716,reading-task-config-2,7,1
377,60e343946a7faddde88fbe3c,yaml,5.263,reading-task-config-3,7,1
378,60e343946a7faddde88fbe3c,yaml,10.215,reading-task-config-4,7,2
379,60e343946a7faddde88fbe3c,yaml,10.601,reading-task-config-5,6,3
380,60e343946a7faddde88fbe3c,yaml,10.218,writing-task-config,6,4
381,60e343946a7faddde88fbe3c,yaml,5.071,modifying-task-config-1,7,2
382,60e343946a7faddde88fbe3c,yaml,6.805,modifying-task-config-2,7,1
383,60e343946a7faddde88fbe3c,yaml,9.075,modifying-task-config-3,7,2
384,60e343946a7faddde88fbe3c,yaml,4.882,modifying-task-config-4,5,2
385,67e0333064ddada0e2fc6f1e,yaml,25.011,writing-task-NL,7,1
386,67e0333064ddada0e2fc6f1e,yaml,11.259,reading-task-config-1,7,1
387,67e0333064ddada0e2fc6f1e,yaml,4.196,reading-task-config-2,7,1
388,67e0333064ddada0e2fc6f1e,yaml,12.949,reading-task-config-3,7,1
389,67e0333064ddada0e2fc6f1e,yaml,3.932,reading-task-config-4,7,1
390,67e0333064ddada0e2fc6f1e,yaml,3.553,reading-task-config-5,7,1
391,67e0333064ddada0e2fc6f1e,yaml,6.207,writing-task-config,7,1
392,67e0333064ddada0e2fc6f1e,yaml,5.396,modifying-task-config-1,7,1
393,67e0333064ddada0e2fc6f1e,yaml,4.54,modifying-task-config-2,7,1
394,67e0333064ddada0e2fc6f1e,yaml,10.664,modifying-task-config-3,7,1
395,67e0333064ddada0e2fc6f1e,yaml,4.364,modifying-task-config-4,7,1
396,5b3ec4332a5fbf00014eae57,toml,10.574,writing-task-NL,4,7
397,5b3ec4332a5fbf00014eae57,toml,5.671,reading-task-config-1,7,1
398,5b3ec4332a5fbf00014eae57,toml,12.278,reading-task-config-2,3,4
399,5b3ec4332a5fbf00014eae57,toml,4.534,reading-task-config-3,7,1
400,5b3ec4332a5fbf00014eae57,toml,9.586,reading-task-config-4,1,6
401,5b3ec4332a5fbf00014eae57,toml,9.921,reading-task-config-5,5,2
402,5b3ec4332a5fbf00014eae57,toml,7.303,writing-task-config,1,7
403,5b3ec4332a5fbf00014eae57,toml,7.003,modifying-task-config-1,2,5
404,5b3ec4332a5fbf00014eae57,toml,8.547,modifying-task-config-2,2,6
405,5b3ec4332a5fbf00014eae57,toml,11.688,modifying-task-config-3,2,4
406,5b3ec4332a5fbf00014eae57,toml,5.501,modifying-task-config-4,1,7
407,66912d7bf9d35c08f6919958,json,15.54,writing-task-NL,7,1
408,66912d7bf9d35c08f6919958,json,16.236,reading-task-config-1,7,1
409,66912d7bf9d35c08f6919958,json,10.583,reading-task-config-2,7,1
410,66912d7bf9d35c08f6919958,json,15.759,reading-task-config-3,7,1
411,66912d7bf9d35c08f6919958,json,8.499,reading-task-config-4,7,1
412,66912d7bf9d35c08f6919958,json,5.868,reading-task-config-5,7,1
413,66912d7bf9d35c08f6919958,json,30.988,writing-task-config,7,1
414,66912d7bf9d35c08f6919958,json,6.849,modifying-task-config-1,7,1
415,66912d7bf9d35c08f6919958,json,22.526,modifying-task-config-2,7,1
416,66912d7bf9d35c08f6919958,json,5.985,modifying-task-config-3,7,1
417,66912d7bf9d35c08f6919958,json,7.614,modifying-task-config-4,7,1
418,6717980047b565ab5b849317,hjson,13.36,writing-task-NL,6,1
419,6717980047b565ab5b849317,hjson,10.089,reading-task-config-1,4,6
420,6717980047b565ab5b849317,hjson,7.843,reading-task-config-2,4,5
421,6717980047b565ab5b849317,hjson,9.989,reading-task-config-3,5,5
422,6717980047b565ab5b849317,hjson,13.441,reading-task-config-4,3,6
423,6717980047b565ab5b849317,hjson,11.101,reading-task-config-5,2,6
424,6717980047b565ab5b849317,hjson,10.754,writing-task-config,3,6
425,6717980047b565ab5b849317,hjson,5.679,modifying-task-config-1,2,7
426,6717980047b565ab5b849317,hjson,53.654,modifying-task-config-2,2,7
427,6717980047b565ab5b849317,hjson,18.037,modifying-task-config-3,3,6
428,6717980047b565ab5b849317,hjson,25.873,modifying-task-config-4,1,7
429,64ea2ee72ab0377e0846cb9e,jsonc,11.736,writing-task-NL,7,1
430,64ea2ee72ab0377e0846cb9e,jsonc,16.889,reading-task-config-1,5,2
431,64ea2ee72ab0377e0846cb9e,jsonc,12.954,reading-task-config-2,5,4
432,64ea2ee72ab0377e0846cb9e,jsonc,7.939,reading-task-config-3,6,3
433,64ea2ee72ab0377e0846cb9e,jsonc,7.635,reading-task-config-4,6,4
434,64ea2ee72ab0377e0846cb9e,jsonc,7.584,reading-task-config-5,7,3
435,64ea2ee72ab0377e0846cb9e,jsonc,7.269,writing-task-config,3,6
436,64ea2ee72ab0377e0846cb9e,jsonc,7.438,modifying-task-config-1,4,5
437,64ea2ee72ab0377e0846cb9e,jsonc,8.413,modifying-task-config-2,4,5
438,64ea2ee72ab0377e0846cb9e,jsonc,6.944,modifying-task-config-3,5,4
439,64ea2ee72ab0377e0846cb9e,jsonc,6.593,modifying-task-config-4,3,6
440,651b29ff3a6cadf518640abe,xml,7.65,writing-task-NL,7,2
441,651b29ff3a6cadf518640abe,xml,11.328,reading-task-config-1,5,4
442,651b29ff3a6cadf518640abe,xml,7.299,reading-task-config-2,6,3
443,651b29ff3a6cadf518640abe,xml,7.588,reading-task-config-3,2,6
444,651b29ff3a6cadf518640abe,xml,5.916,reading-task-config-4,1,7
445,651b29ff3a6cadf518640abe,xml,6.085,reading-task-config-5,3,5
446,651b29ff3a6cadf518640abe,xml,4.58,writing-task-config,1,7
447,651b29ff3a6cadf518640abe,xml,4.275,modifying-task-config-1,1,7
448,651b29ff3a6cadf518640abe,xml,5.559,modifying-task-config-2,1,7
449,651b29ff3a6cadf518640abe,xml,3.511,modifying-task-config-3,4,4
450,651b29ff3a6cadf518640abe,xml,3.804,modifying-task-config-4,1,7
451,6818ca1523ece90f671e3601,json,13.262,writing-task-NL,6,2
452,6818ca1523ece90f671e3601,json,7.035,reading-task-config-1,7,2
453,6818ca1523ece90f671e3601,json,6.649,reading-task-config-2,7,1
454,6818ca1523ece90f671e3601,json,7.556,reading-task-config-3,7,2
455,6818ca1523ece90f671e3601,json,7.044,reading-task-config-4,6,3
456,6818ca1523ece90f671e3601,json,4.637,reading-task-config-5,7,1
457,6818ca1523ece90f671e3601,json,8.001,writing-task-config,7,2
458,6818ca1523ece90f671e3601,json,5.952,modifying-task-config-1,5,3
459,6818ca1523ece90f671e3601,json,4.336,modifying-task-config-2,7,1
460,6818ca1523ece90f671e3601,json,9.131,modifying-task-config-3,7,1
461,6818ca1523ece90f671e3601,json,4.788,modifying-task-config-4,2,6
462,67d2a409ab3638e33fc417b9,hjson,6.319,writing-task-NL,5,1
463,67d2a409ab3638e33fc417b9,hjson,9.144,reading-task-config-1,3,3
464,67d2a409ab3638e33fc417b9,hjson,4.185,reading-task-config-2,5,4
465,67d2a409ab3638e33fc417b9,hjson,4.796,reading-task-config-3,1,7
466,67d2a409ab3638e33fc417b9,hjson,4.546,reading-task-config-4,4,5
467,67d2a409ab3638e33fc417b9,hjson,4.537,reading-task-config-5,4,6
468,67d2a409ab3638e33fc417b9,hjson,7.168,writing-task-config,4,2
469,67d2a409ab3638e33fc417b9,hjson,6.277,modifying-task-config-1,1,1
470,67d2a409ab3638e33fc417b9,hjson,4.572,modifying-task-config-2,1,1
471,67d2a409ab3638e33fc417b9,hjson,4.048,modifying-task-config-3,1,1
472,67d2a409ab3638e33fc417b9,hjson,5.075,modifying-task-config-4,1,1
473,66ec8f7ce843d25227820f97,hjson,7.057,writing-task-NL,7,1
474,66ec8f7ce843d25227820f97,hjson,5.614,reading-task-config-1,5,6
475,66ec8f7ce843d25227820f97,hjson,6.179,reading-task-config-2,6,2
476,66ec8f7ce843d25227820f97,hjson,15.854,reading-task-config-3,2,6
477,66ec8f7ce843d25227820f97,hjson,10.74,reading-task-config-4,5,7
478,66ec8f7ce843d25227820f97,hjson,7.182,reading-task-config-5,6,1
479,66ec8f7ce843d25227820f97,hjson,7.209,writing-task-config,6,7
480,66ec8f7ce843d25227820f97,hjson,4.06,modifying-task-config-1,6,1
481,66ec8f7ce843d25227820f97,hjson,3.928,modifying-task-config-2,6,6
482,66ec8f7ce843d25227820f97,hjson,8.027,modifying-task-config-3,6,6
483,66ec8f7ce843d25227820f97,hjson,6.959,modifying-task-config-4,5,1
484,6680d2279263349cc005956a,json,9.287,writing-task-NL,6,2
485,6680d2279263349cc005956a,json,6.98,reading-task-config-1,7,1
486,6680d2279263349cc005956a,json,4.762,reading-task-config-2,7,1
487,6680d2279263349cc005956a,json,6.638,reading-task-config-3,7,1
488,6680d2279263349cc005956a,json,7.139,reading-task-config-4,2,7
489,6680d2279263349cc005956a,json,6.792,reading-task-config-5,3,5
490,6680d2279263349cc005956a,json,7.741,writing-task-config,4,5
491,6680d2279263349cc005956a,json,5.95,modifying-task-config-1,6,1
492,6680d2279263349cc005956a,json,5.143,modifying-task-config-2,6,1
493,6680d2279263349cc005956a,json,4.933,modifying-task-config-3,4,4
494,6680d2279263349cc005956a,json,6.301,modifying-task-config-4,5,3
495,6081728972120aa7f9685791,json,15.009,writing-task-NL,7,1
496,6081728972120aa7f9685791,json,4.403,reading-task-config-1,7,1
497,6081728972120aa7f9685791,json,4.343,reading-task-config-2,7,1
498,6081728972120aa7f9685791,json,2.68,reading-task-config-3,7,1
499,6081728972120aa7f9685791,json,6.038,reading-task-config-4,6,4
500,6081728972120aa7f9685791,json,5.575,reading-task-config-5,7,3
501,6081728972120aa7f9685791,json,7.907,writing-task-config,6,2
502,6081728972120aa7f9685791,json,5.709,modifying-task-config-1,6,2
503,6081728972120aa7f9685791,json,11.569,modifying-task-config-2,6,3
504,6081728972120aa7f9685791,json,5.001,modifying-task-config-3,7,4
505,6081728972120aa7f9685791,json,9.29,modifying-task-config-4,6,3
506,67aca6831f2b0b79416bdb6c,xml,14.987,writing-task-NL,7,2
507,67aca6831f2b0b79416bdb6c,xml,5.533,reading-task-config-1,7,2
508,67aca6831f2b0b79416bdb6c,xml,5.03,reading-task-config-2,5,3
509,67aca6831f2b0b79416bdb6c,xml,7.677,reading-task-config-3,6,4
510,67aca6831f2b0b79416bdb6c,xml,4.527,reading-task-config-4,5,2
511,67aca6831f2b0b79416bdb6c,xml,5.334,reading-task-config-5,6,3
512,67aca6831f2b0b79416bdb6c,xml,7.4,writing-task-config,3,7
513,67aca6831f2b0b79416bdb6c,xml,4.692,modifying-task-config-1,7,6
514,67aca6831f2b0b79416bdb6c,xml,8.831,modifying-task-config-2,5,2
515,67aca6831f2b0b79416bdb6c,xml,5.961,modifying-task-config-3,7,4
516,67aca6831f2b0b79416bdb6c,xml,15.136,modifying-task-config-4,5,4
517,675aaf0eb1b401136f37c475,json,13.405,writing-task-NL,6,2
518,675aaf0eb1b401136f37c475,json,15.453,reading-task-config-1,3,7
519,675aaf0eb1b401136f37c475,json,11.276,reading-task-config-2,5,3
520,675aaf0eb1b401136f37c475,json,13.357,reading-task-config-3,3,6
521,675aaf0eb1b401136f37c475,json,11.754,reading-task-config-4,3,7
522,675aaf0eb1b401136f37c475,json,9.037,reading-task-config-5,3,6
523,675aaf0eb1b401136f37c475,json,7.377,writing-task-config,1,7
524,675aaf0eb1b401136f37c475,json,9.278,modifying-task-config-1,2,7
525,675aaf0eb1b401136f37c475,json,11.498,modifying-task-config-2,4,6
526,675aaf0eb1b401136f37c475,json,6.854,modifying-task-config-3,4,7
527,675aaf0eb1b401136f37c475,json,7.837,modifying-task-config-4,5,5
528,6554e79557e3d6be08e32ceb,yaml,13.444,writing-task-NL,6,2
529,6554e79557e3d6be08e32ceb,yaml,13.227,reading-task-config-1,6,2
530,6554e79557e3d6be08e32ceb,yaml,6.162,reading-task-config-2,5,3
531,6554e79557e3d6be08e32ceb,yaml,5.355,reading-task-config-3,5,3
532,6554e79557e3d6be08e32ceb,yaml,6.683,reading-task-config-4,2,6
533,6554e79557e3d6be08e32ceb,yaml,8.454,reading-task-config-5,5,3
534,6554e79557e3d6be08e32ceb,yaml,8.566,writing-task-config,1,7
535,6554e79557e3d6be08e32ceb,yaml,4.774,modifying-task-config-1,5,3
536,6554e79557e3d6be08e32ceb,yaml,5.184,modifying-task-config-2,2,5
537,6554e79557e3d6be08e32ceb,yaml,9.517,modifying-task-config-3,4,4
538,6554e79557e3d6be08e32ceb,yaml,6.236,modifying-task-config-4,4,4
539,645b519f108c046164a6d232,yaml,9.483,writing-task-NL,4,3
540,645b519f108c046164a6d232,yaml,9.407,reading-task-config-1,5,2
541,645b519f108c046164a6d232,yaml,7.392,reading-task-config-2,5,2
542,645b519f108c046164a6d232,yaml,5.151,reading-task-config-3,6,1
543,645b519f108c046164a6d232,yaml,5.417,reading-task-config-4,6,1
544,645b519f108c046164a6d232,yaml,6.121,reading-task-config-5,6,1
545,645b519f108c046164a6d232,yaml,12.837,writing-task-config,2,6
546,645b519f108c046164a6d232,yaml,7.157,modifying-task-config-1,6,2
547,645b519f108c046164a6d232,yaml,6.754,modifying-task-config-2,4,3
548,645b519f108c046164a6d232,yaml,9.575,modifying-task-config-3,3,3
549,645b519f108c046164a6d232,yaml,6.311,modifying-task-config-4,3,4
550,6682a94b061954ae8483fb08,toml,17.427,writing-task-NL,5,1
551,6682a94b061954ae8483fb08,toml,7.85,reading-task-config-1,7,1
552,6682a94b061954ae8483fb08,toml,4.395,reading-task-config-2,7,1
553,6682a94b061954ae8483fb08,toml,3.58,reading-task-config-3,7,1
554,6682a94b061954ae8483fb08,toml,7.999,reading-task-config-4,7,2
555,6682a94b061954ae8483fb08,toml,6.269,reading-task-config-5,7,1
556,6682a94b061954ae8483fb08,toml,14.708,writing-task-config,2,5
557,6682a94b061954ae8483fb08,toml,8.292,modifying-task-config-1,5,2
558,6682a94b061954ae8483fb08,toml,5.781,modifying-task-config-2,6,2
559,6682a94b061954ae8483fb08,toml,10.909,modifying-task-config-3,6,1
560,6682a94b061954ae8483fb08,toml,5.707,modifying-task-config-4,6,1
561,66e8c6e99be9621d5b1ed1fa,jsonc,10.12,writing-task-NL,7,1
562,66e8c6e99be9621d5b1ed1fa,jsonc,84.337,reading-task-config-1,7,1
563,66e8c6e99be9621d5b1ed1fa,jsonc,5.976,reading-task-config-2,7,7
564,66e8c6e99be9621d5b1ed1fa,jsonc,7.704,reading-task-config-3,7,7
565,66e8c6e99be9621d5b1ed1fa,jsonc,5.883,reading-task-config-4,7,7
566,66e8c6e99be9621d5b1ed1fa,jsonc,4.333,reading-task-config-5,7,7
567,66e8c6e99be9621d5b1ed1fa,jsonc,5.807,writing-task-config,7,7
568,66e8c6e99be9621d5b1ed1fa,jsonc,5.869,modifying-task-config-1,7,7
569,66e8c6e99be9621d5b1ed1fa,jsonc,5.013,modifying-task-config-2,7,7
570,66e8c6e99be9621d5b1ed1fa,jsonc,10.748,modifying-task-config-3,7,7
571,66e8c6e99be9621d5b1ed1fa,jsonc,6.22,modifying-task-config-4,7,7
572,67792abbab2fa21bf3644c09,hjson,17.39,writing-task-NL,6,2
573,67792abbab2fa21bf3644c09,hjson,13.566,reading-task-config-1,7,2
574,67792abbab2fa21bf3644c09,hjson,16.889,reading-task-config-2,3,5
575,67792abbab2fa21bf3644c09,hjson,7.151,reading-task-config-3,4,4
576,67792abbab2fa21bf3644c09,hjson,11.345,reading-task-config-4,3,4
577,67792abbab2fa21bf3644c09,hjson,9.008,reading-task-config-5,7,2
578,67792abbab2fa21bf3644c09,hjson,6.572,writing-task-config,4,4
579,67792abbab2fa21bf3644c09,hjson,7.669,modifying-task-config-1,7,2
580,67792abbab2fa21bf3644c09,hjson,6.379,modifying-task-config-2,7,2
581,67792abbab2fa21bf3644c09,hjson,5.841,modifying-task-config-3,6,2
582,67792abbab2fa21bf3644c09,hjson,11.025,modifying-task-config-4,1,6
583,5ea90bb434d5e337e98c7edd,json5,7.414,writing-task-NL,7,1
584,5ea90bb434d5e337e98c7edd,json5,4.494,reading-task-config-1,7,1
585,5ea90bb434d5e337e98c7edd,json5,2.821,reading-task-config-2,7,1
586,5ea90bb434d5e337e98c7edd,json5,3.984,reading-task-config-3,7,1
587,5ea90bb434d5e337e98c7edd,json5,7.164,reading-task-config-4,4,5
588,5ea90bb434d5e337e98c7edd,json5,2.906,reading-task-config-5,7,1
589,5ea90bb434d5e337e98c7edd,json5,6.421,writing-task-config,3,6
590,5ea90bb434d5e337e98c7edd,json5,8.287,modifying-task-config-1,6,3
591,5ea90bb434d5e337e98c7edd,json5,10.621,modifying-task-config-2,6,3
592,5ea90bb434d5e337e98c7edd,json5,4.17,modifying-task-config-3,2,6
593,5ea90bb434d5e337e98c7edd,json5,4.595,modifying-task-config-4,2,6
594,677f8968bbb08bc37c8d2a4b,xml,13.715,writing-task-NL,7,4
595,677f8968bbb08bc37c8d2a4b,xml,9.223,reading-task-config-1,5,4
596,677f8968bbb08bc37c8d2a4b,xml,10.447,reading-task-config-2,3,6
597,677f8968bbb08bc37c8d2a4b,xml,7.585,reading-task-config-3,2,2
598,677f8968bbb08bc37c8d2a4b,xml,8.191,reading-task-config-4,7,1
599,677f8968bbb08bc37c8d2a4b,xml,8.802,reading-task-config-5,3,6
600,677f8968bbb08bc37c8d2a4b,xml,9.563,writing-task-config,2,7
601,677f8968bbb08bc37c8d2a4b,xml,5.956,modifying-task-config-1,1,5
602,677f8968bbb08bc37c8d2a4b,xml,6.31,modifying-task-config-2,3,5
603,677f8968bbb08bc37c8d2a4b,xml,6.476,modifying-task-config-3,3,4
604,677f8968bbb08bc37c8d2a4b,xml,7.354,modifying-task-config-4,1,7
605,672f51ea346fba23ddd5a793,xml,16.552,writing-task-NL,7,2
606,672f51ea346fba23ddd5a793,xml,13.318,reading-task-config-1,7,3
607,672f51ea346fba23ddd5a793,xml,6.095,reading-task-config-2,7,2
608,672f51ea346fba23ddd5a793,xml,14.849,reading-task-config-3,7,2
609,672f51ea346fba23ddd5a793,xml,6.051,reading-task-config-4,7,3
610,672f51ea346fba23ddd5a793,xml,6.053,reading-task-config-5,7,3
611,672f51ea346fba23ddd5a793,xml,8.357,writing-task-config,7,3
612,672f51ea346fba23ddd5a793,xml,10.7,modifying-task-config-1,7,3
613,672f51ea346fba23ddd5a793,xml,6.253,modifying-task-config-2,6,2
614,672f51ea346fba23ddd5a793,xml,3.588,modifying-task-config-3,7,2
615,672f51ea346fba23ddd5a793,xml,7.329,modifying-task-config-4,7,2
616,67d13a1ec91ae2216896de44,json,11.008,writing-task-NL,6,4
617,67d13a1ec91ae2216896de44,json,8.16,reading-task-config-1,6,4
618,67d13a1ec91ae2216896de44,json,12.698,reading-task-config-2,7,3
619,67d13a1ec91ae2216896de44,json,10.594,reading-task-config-3,4,6
620,67d13a1ec91ae2216896de44,json,4.48,reading-task-config-4,7,3
621,67d13a1ec91ae2216896de44,json,5.631,reading-task-config-5,7,2
622,67d13a1ec91ae2216896de44,json,7.271,writing-task-config,7,3
623,67d13a1ec91ae2216896de44,json,3.995,modifying-task-config-1,7,2
624,67d13a1ec91ae2216896de44,json,3.204,modifying-task-config-2,7,2
625,67d13a1ec91ae2216896de44,json,4.327,modifying-task-config-3,7,2
626,67d13a1ec91ae2216896de44,json,3.553,modifying-task-config-4,7,2
627,67c8320847fef3b9ab9bfe4d,jsonc,10.854,writing-task-NL,5,1
628,67c8320847fef3b9ab9bfe4d,jsonc,7.406,reading-task-config-1,6,2
629,67c8320847fef3b9ab9bfe4d,jsonc,5.664,reading-task-config-2,5,3
630,67c8320847fef3b9ab9bfe4d,jsonc,4.39,reading-task-config-3,6,2
631,67c8320847fef3b9ab9bfe4d,jsonc,4.123,reading-task-config-4,6,4
632,67c8320847fef3b9ab9bfe4d,jsonc,9.142,reading-task-config-5,6,2
633,67c8320847fef3b9ab9bfe4d,jsonc,11.144,writing-task-config,3,6
634,67c8320847fef3b9ab9bfe4d,jsonc,7.416,modifying-task-config-1,3,5
635,67c8320847fef3b9ab9bfe4d,jsonc,6.543,modifying-task-config-2,6,3
636,67c8320847fef3b9ab9bfe4d,jsonc,5.813,modifying-task-config-3,4,5
637,67c8320847fef3b9ab9bfe4d,jsonc,6.413,modifying-task-config-4,2,6
638,67bf5ad9c5a4637861cfd21e,toml,23.13,writing-task-NL,6,4
639,67bf5ad9c5a4637861cfd21e,toml,9.409,reading-task-config-1,7,1
640,67bf5ad9c5a4637861cfd21e,toml,9.185,reading-task-config-2,7,1
641,67bf5ad9c5a4637861cfd21e,toml,8.119,reading-task-config-3,7,1
642,67bf5ad9c5a4637861cfd21e,toml,15.474,reading-task-config-4,4,6
643,67bf5ad9c5a4637861cfd21e,toml,6.84,reading-task-config-5,7,2
644,67bf5ad9c5a4637861cfd21e,toml,8.598,writing-task-config,4,7
645,67bf5ad9c5a4637861cfd21e,toml,10.563,modifying-task-config-1,5,4
646,67bf5ad9c5a4637861cfd21e,toml,6.839,modifying-task-config-2,6,5
647,67bf5ad9c5a4637861cfd21e,toml,9.425,modifying-task-config-3,6,4
648,67bf5ad9c5a4637861cfd21e,toml,8.332,modifying-task-config-4,7,6
649,616e5ae706e970fe0aff99b6,hjson,7.466,writing-task-NL,7,1
650,616e5ae706e970fe0aff99b6,hjson,4.535,reading-task-config-1,7,1
651,616e5ae706e970fe0aff99b6,hjson,4.09,reading-task-config-2,7,1
652,616e5ae706e970fe0aff99b6,hjson,4.455,reading-task-config-3,6,2
653,616e5ae706e970fe0aff99b6,hjson,6.066,reading-task-config-4,6,4
654,616e5ae706e970fe0aff99b6,hjson,4.399,reading-task-config-5,7,2
655,616e5ae706e970fe0aff99b6,hjson,7.64,writing-task-config,4,5
656,616e5ae706e970fe0aff99b6,hjson,5.171,modifying-task-config-1,5,3
657,616e5ae706e970fe0aff99b6,hjson,3.209,modifying-task-config-2,6,2
658,616e5ae706e970fe0aff99b6,hjson,6.427,modifying-task-config-3,5,2
659,616e5ae706e970fe0aff99b6,hjson,6.9,modifying-task-config-4,3,5
660,66311bae532a469f4858933e,toml,12.817,writing-task-NL,7,2
661,66311bae532a469f4858933e,toml,11.13,reading-task-config-1,7,1
662,66311bae532a469f4858933e,toml,4.322,reading-task-config-2,6,2
663,66311bae532a469f4858933e,toml,3.338,reading-task-config-3,7,1
664,66311bae532a469f4858933e,toml,4.088,reading-task-config-4,6,2
665,66311bae532a469f4858933e,toml,2.901,reading-task-config-5,7,1
666,66311bae532a469f4858933e,toml,8.778,writing-task-config,3,5
667,66311bae532a469f4858933e,toml,13.778,modifying-task-config-1,2,2
668,66311bae532a469f4858933e,toml,11.606,modifying-task-config-2,7,7
669,66311bae532a469f4858933e,toml,4.262,modifying-task-config-3,6,2
670,66311bae532a469f4858933e,toml,12.09,modifying-task-config-4,2,5
671,669284eabea5b8c9655927da,yaml,6.294,writing-task-NL,7,1
672,669284eabea5b8c9655927da,yaml,11.637,reading-task-config-1,3,5
673,669284eabea5b8c9655927da,yaml,10.861,reading-task-config-2,6,2
674,669284eabea5b8c9655927da,yaml,6.629,reading-task-config-3,7,1
675,669284eabea5b8c9655927da,yaml,7.645,reading-task-config-4,1,7
676,669284eabea5b8c9655927da,yaml,5.24,reading-task-config-5,7,1
677,669284eabea5b8c9655927da,yaml,17.475,writing-task-config,3,5
678,669284eabea5b8c9655927da,yaml,11.845,modifying-task-config-1,4,5
679,669284eabea5b8c9655927da,yaml,5.573,modifying-task-config-2,3,6
680,669284eabea5b8c9655927da,yaml,14.44,modifying-task-config-3,6,2
681,669284eabea5b8c9655927da,yaml,11.205,modifying-task-config-4,3,4
682,68138e7f96395f4c5f3a0a87,json,6.818,writing-task-NL,1,1
683,68138e7f96395f4c5f3a0a87,json,12.433,reading-task-config-1,6,6
684,68138e7f96395f4c5f3a0a87,json,6.399,reading-task-config-2,2,4
685,68138e7f96395f4c5f3a0a87,json,7.939,reading-task-config-3,2,3
686,68138e7f96395f4c5f3a0a87,json,6.808,reading-task-config-4,1,7
687,68138e7f96395f4c5f3a0a87,json,5.476,reading-task-config-5,3,3
688,68138e7f96395f4c5f3a0a87,json,6.619,writing-task-config,1,7
689,68138e7f96395f4c5f3a0a87,json,5.241,modifying-task-config-1,1,7
690,68138e7f96395f4c5f3a0a87,json,7.243,modifying-task-config-2,2,6
691,68138e7f96395f4c5f3a0a87,json,9.071,modifying-task-config-3,3,3
692,68138e7f96395f4c5f3a0a87,json,4.58,modifying-task-config-4,3,3
693,62e154b0682e270b4acdf5ee,jsonc,6.719,writing-task-NL,7,1
694,62e154b0682e270b4acdf5ee,jsonc,3.944,reading-task-config-1,7,2
695,62e154b0682e270b4acdf5ee,jsonc,2.57,reading-task-config-2,7,1
696,62e154b0682e270b4acdf5ee,jsonc,3.375,reading-task-config-3,6,3
697,62e154b0682e270b4acdf5ee,jsonc,4.935,reading-task-config-4,5,2
698,62e154b0682e270b4acdf5ee,jsonc,2.921,reading-task-config-5,7,1
699,62e154b0682e270b4acdf5ee,jsonc,6.196,writing-task-config,5,4
700,62e154b0682e270b4acdf5ee,jsonc,6.526,modifying-task-config-1,5,2
701,62e154b0682e270b4acdf5ee,jsonc,3.218,modifying-task-config-2,7,1
702,62e154b0682e270b4acdf5ee,jsonc,2.565,modifying-task-config-3,7,1
703,62e154b0682e270b4acdf5ee,jsonc,3.995,modifying-task-config-4,6,3
704,660eafee7515c432e850362d,hjson,12.32,writing-task-NL,7,7
705,660eafee7515c432e850362d,hjson,14.546,reading-task-config-1,4,4
706,660eafee7515c432e850362d,hjson,6.202,reading-task-config-2,4,3
707,660eafee7515c432e850362d,hjson,6.925,reading-task-config-3,4,4
708,660eafee7515c432e850362d,hjson,7.247,reading-task-config-4,4,4
709,660eafee7515c432e850362d,hjson,5.312,reading-task-config-5,4,4
710,660eafee7515c432e850362d,hjson,8.186,writing-task-config,3,3
711,660eafee7515c432e850362d,hjson,10.79,modifying-task-config-1,3,6
712,660eafee7515c432e850362d,hjson,9.107,modifying-task-config-2,3,6
713,660eafee7515c432e850362d,hjson,6.91,modifying-task-config-3,3,4
714,660eafee7515c432e850362d,hjson,5.451,modifying-task-config-4,3,4
715,62d7fef5538b81f205ba4656,xml,7.532,writing-task-NL,7,1
716,62d7fef5538b81f205ba4656,xml,3.589,reading-task-config-1,7,1
717,62d7fef5538b81f205ba4656,xml,2.334,reading-task-config-2,7,1
718,62d7fef5538b81f205ba4656,xml,2.377,reading-task-config-3,7,1
719,62d7fef5538b81f205ba4656,xml,2.796,reading-task-config-4,7,1
720,62d7fef5538b81f205ba4656,xml,2.654,reading-task-config-5,7,1
721,62d7fef5538b81f205ba4656,xml,3.772,writing-task-config,5,3
722,62d7fef5538b81f205ba4656,xml,6.542,modifying-task-config-1,4,5
723,62d7fef5538b81f205ba4656,xml,3.287,modifying-task-config-2,5,2
724,62d7fef5538b81f205ba4656,xml,3.119,modifying-task-config-3,7,1
725,62d7fef5538b81f205ba4656,xml,4.533,modifying-task-config-4,5,1
726,67caa7fe00179edfb74d3e1a,json5,13.551,writing-task-NL,7,1
727,67caa7fe00179edfb74d3e1a,json5,12.433,reading-task-config-1,6,5
728,67caa7fe00179edfb74d3e1a,json5,15.204,reading-task-config-2,5,3
729,67caa7fe00179edfb74d3e1a,json5,19.562,reading-task-config-3,5,2
730,67caa7fe00179edfb74d3e1a,json5,9.453,reading-task-config-4,5,3
731,67caa7fe00179edfb74d3e1a,json5,10.318,reading-task-config-5,4,3
732,67caa7fe00179edfb74d3e1a,json5,39.825,writing-task-config,3,6
733,67caa7fe00179edfb74d3e1a,json5,9.988,modifying-task-config-1,2,4
734,67caa7fe00179edfb74d3e1a,json5,8.115,modifying-task-config-2,4,4
735,67caa7fe00179edfb74d3e1a,json5,9.704,modifying-task-config-3,1,7
736,67caa7fe00179edfb74d3e1a,json5,7.192,modifying-task-config-4,2,4
737,65fae23bd06ae76bcc297e8b,hjson,10.013,writing-task-NL,6,3
738,65fae23bd06ae76bcc297e8b,hjson,8.635,reading-task-config-1,6,5
739,65fae23bd06ae76bcc297e8b,hjson,10.572,reading-task-config-2,6,4
740,65fae23bd06ae76bcc297e8b,hjson,6.137,reading-task-config-3,7,3
741,65fae23bd06ae76bcc297e8b,hjson,8.017,reading-task-config-4,6,6
742,65fae23bd06ae76bcc297e8b,hjson,5.221,reading-task-config-5,6,3
743,65fae23bd06ae76bcc297e8b,hjson,10.409,writing-task-config,5,7
744,65fae23bd06ae76bcc297e8b,hjson,11.378,modifying-task-config-1,5,6
745,65fae23bd06ae76bcc297e8b,hjson,8.91,modifying-task-config-2,5,7
746,65fae23bd06ae76bcc297e8b,hjson,8.002,modifying-task-config-3,5,5
747,65fae23bd06ae76bcc297e8b,hjson,5.696,modifying-task-config-4,3,7
748,67f4ea448eb6a2b293c1f2fc,json,6.588,writing-task-NL,1,1
749,67f4ea448eb6a2b293c1f2fc,json,11.481,reading-task-config-1,6,2
750,67f4ea448eb6a2b293c1f2fc,json,5.909,reading-task-config-2,6,2
751,67f4ea448eb6a2b293c1f2fc,json,7.19,reading-task-config-3,5,3
752,67f4ea448eb6a2b293c1f2fc,json,8.294,reading-task-config-4,5,4
753,67f4ea448eb6a2b293c1f2fc,json,8.621,reading-task-config-5,5,3
754,67f4ea448eb6a2b293c1f2fc,json,8.211,writing-task-config,3,7
755,67f4ea448eb6a2b293c1f2fc,json,5.955,modifying-task-config-1,1,6
756,67f4ea448eb6a2b293c1f2fc,json,7.727,modifying-task-config-2,6,2
757,67f4ea448eb6a2b293c1f2fc,json,17.018,modifying-task-config-3,4,4
758,67f4ea448eb6a2b293c1f2fc,json,5.312,modifying-task-config-4,1,7
759,65f4ab7884f8411c9e11a34e,json5,6.173,writing-task-NL,7,2
760,65f4ab7884f8411c9e11a34e,json5,7.787,reading-task-config-1,5,5
761,65f4ab7884f8411c9e11a34e,json5,5.004,reading-task-config-2,5,6
762,65f4ab7884f8411c9e11a34e,json5,3.709,reading-task-config-3,6,3
763,65f4ab7884f8411c9e11a34e,json5,3.659,reading-task-config-4,4,5
764,65f4ab7884f8411c9e11a34e,json5,3.49,reading-task-config-5,5,3
765,65f4ab7884f8411c9e11a34e,json5,4.747,writing-task-config,2,7
766,65f4ab7884f8411c9e11a34e,json5,4.66,modifying-task-config-1,6,3
767,65f4ab7884f8411c9e11a34e,json5,4.171,modifying-task-config-2,4,5
768,65f4ab7884f8411c9e11a34e,json5,9.956,modifying-task-config-3,4,3
769,65f4ab7884f8411c9e11a34e,json5,3.295,modifying-task-config-4,4,4
770,611d0afbb2a19acfd012545b,toml,7.456,writing-task-NL,7,1
771,611d0afbb2a19acfd012545b,toml,6.354,reading-task-config-1,7,1
772,611d0afbb2a19acfd012545b,toml,8.171,reading-task-config-2,7,1
773,611d0afbb2a19acfd012545b,toml,7.619,reading-task-config-3,5,3
774,611d0afbb2a19acfd012545b,toml,7.434,reading-task-config-4,3,7
775,611d0afbb2a19acfd012545b,toml,4.532,reading-task-config-5,7,1
776,611d0afbb2a19acfd012545b,toml,12.015,writing-task-config,1,7
777,611d0afbb2a19acfd012545b,toml,12.168,modifying-task-config-1,6,1
778,611d0afbb2a19acfd012545b,toml,7.623,modifying-task-config-2,5,3
779,611d0afbb2a19acfd012545b,toml,5.749,modifying-task-config-3,5,3
780,611d0afbb2a19acfd012545b,toml,8.301,modifying-task-config-4,1,7
781,67406c1303bd39d206ff2b50,xml,35.442,writing-task-NL,7,2
782,67406c1303bd39d206ff2b50,xml,14.125,reading-task-config-1,6,4
783,67406c1303bd39d206ff2b50,xml,7.036,reading-task-config-2,7,1
784,67406c1303bd39d206ff2b50,xml,5.461,reading-task-config-3,5,5
785,67406c1303bd39d206ff2b50,xml,8.354,reading-task-config-4,2,7
786,67406c1303bd39d206ff2b50,xml,6.467,reading-task-config-5,7,1
787,67406c1303bd39d206ff2b50,xml,5.29,writing-task-config,1,7
788,67406c1303bd39d206ff2b50,xml,6.683,modifying-task-config-1,5,5
789,67406c1303bd39d206ff2b50,xml,10.422,modifying-task-config-2,3,5
790,67406c1303bd39d206ff2b50,xml,10.791,modifying-task-config-3,6,2
791,67406c1303bd39d206ff2b50,xml,7.762,modifying-task-config-4,3,5
792,61601e9a6b8306196d2a129c,hjson,10.895,writing-task-NL,7,1
793,61601e9a6b8306196d2a129c,hjson,4.06,reading-task-config-1,7,1
794,61601e9a6b8306196d2a129c,hjson,4.154,reading-task-config-2,7,1
795,61601e9a6b8306196d2a129c,hjson,3.869,reading-task-config-3,7,1
796,61601e9a6b8306196d2a129c,hjson,6.534,reading-task-config-4,6,2
797,61601e9a6b8306196d2a129c,hjson,3.053,reading-task-config-5,7,1
798,61601e9a6b8306196d2a129c,hjson,11.38,writing-task-config,3,5
799,61601e9a6b8306196d2a129c,hjson,8.366,modifying-task-config-1,6,4
800,61601e9a6b8306196d2a129c,hjson,12.93,modifying-task-config-2,5,2
801,61601e9a6b8306196d2a129c,hjson,6.093,modifying-task-config-3,5,4
802,61601e9a6b8306196d2a129c,hjson,7.467,modifying-task-config-4,5,5
803,65fad6c874ac75642ffc254b,hjson,11.567,writing-task-NL,7,2
804,65fad6c874ac75642ffc254b,hjson,7.64,reading-task-config-1,7,1
805,65fad6c874ac75642ffc254b,hjson,3.185,reading-task-config-2,7,1
806,65fad6c874ac75642ffc254b,hjson,5.473,reading-task-config-3,6,2
807,65fad6c874ac75642ffc254b,hjson,3.959,reading-task-config-4,7,1
808,65fad6c874ac75642ffc254b,hjson,5.37,reading-task-config-5,7,3
809,65fad6c874ac75642ffc254b,hjson,10.616,writing-task-config,3,7
810,65fad6c874ac75642ffc254b,hjson,9.335,modifying-task-config-1,5,4
811,65fad6c874ac75642ffc254b,hjson,7.847,modifying-task-config-2,7,2
812,65fad6c874ac75642ffc254b,hjson,3.988,modifying-task-config-3,7,1
813,65fad6c874ac75642ffc254b,hjson,6.73,modifying-task-config-4,6,3
814,606c7d27f4f3ae688332a55d,toml,7.67,writing-task-NL,6,1
815,606c7d27f4f3ae688332a55d,toml,3.103,reading-task-config-1,7,1
816,606c7d27f4f3ae688332a55d,toml,2.933,reading-task-config-2,7,1
817,606c7d27f4f3ae688332a55d,toml,2.136,reading-task-config-3,7,1
818,606c7d27f4f3ae688332a55d,toml,6.7,reading-task-config-4,4,3
819,606c7d27f4f3ae688332a55d,toml,2.254,reading-task-config-5,7,1
820,606c7d27f4f3ae688332a55d,toml,4.615,writing-task-config,2,5
821,606c7d27f4f3ae688332a55d,toml,4.334,modifying-task-config-1,5,2
822,606c7d27f4f3ae688332a55d,toml,2.059,modifying-task-config-2,7,1
823,606c7d27f4f3ae688332a55d,toml,3.991,modifying-task-config-3,5,2
824,606c7d27f4f3ae688332a55d,toml,3.634,modifying-task-config-4,6,3
825,67f66486e35051403284eb5e,xml,20.056,writing-task-NL,7,1
826,67f66486e35051403284eb5e,xml,19.465,reading-task-config-1,5,5
827,67f66486e35051403284eb5e,xml,18.592,reading-task-config-2,1,4
828,67f66486e35051403284eb5e,xml,32.81,reading-task-config-3,4,4
829,67f66486e35051403284eb5e,xml,7.492,reading-task-config-4,2,4
830,67f66486e35051403284eb5e,xml,8.318,reading-task-config-5,5,4
831,67f66486e35051403284eb5e,xml,34.239,writing-task-config,1,6
832,67f66486e35051403284eb5e,xml,23.118,modifying-task-config-1,1,7
833,67f66486e35051403284eb5e,xml,18.739,modifying-task-config-2,1,7
834,67f66486e35051403284eb5e,xml,17.863,modifying-task-config-3,2,7
835,67f66486e35051403284eb5e,xml,25.414,modifying-task-config-4,1,7
836,67a8fa10b4db1990f7372f01,json5,12.816,writing-task-NL,6,2
837,67a8fa10b4db1990f7372f01,json5,8.397,reading-task-config-1,6,4
838,67a8fa10b4db1990f7372f01,json5,4.254,reading-task-config-2,5,5
839,67a8fa10b4db1990f7372f01,json5,10.38,reading-task-config-3,6,2
840,67a8fa10b4db1990f7372f01,json5,5.997,reading-task-config-4,6,3
841,67a8fa10b4db1990f7372f01,json5,5.809,reading-task-config-5,6,2
842,67a8fa10b4db1990f7372f01,json5,10.7,writing-task-config,4,7
843,67a8fa10b4db1990f7372f01,json5,9.435,modifying-task-config-1,6,1
844,67a8fa10b4db1990f7372f01,json5,7.244,modifying-task-config-2,5,7
845,67a8fa10b4db1990f7372f01,json5,9.045,modifying-task-config-3,6,3
846,67a8fa10b4db1990f7372f01,json5,6.359,modifying-task-config-4,6,3
847,6094ce8d0764c24f352d1fe5,hjson,9.994,writing-task-NL,7,1
848,6094ce8d0764c24f352d1fe5,hjson,5.962,reading-task-config-1,7,1
849,6094ce8d0764c24f352d1fe5,hjson,9.697,reading-task-config-2,5,3
850,6094ce8d0764c24f352d1fe5,hjson,4.016,reading-task-config-3,7,1
851,6094ce8d0764c24f352d1fe5,hjson,4.734,reading-task-config-4,6,2
852,6094ce8d0764c24f352d1fe5,hjson,4.165,reading-task-config-5,7,1
853,6094ce8d0764c24f352d1fe5,hjson,8.779,writing-task-config,2,6
854,6094ce8d0764c24f352d1fe5,hjson,5.572,modifying-task-config-1,4,3
855,6094ce8d0764c24f352d1fe5,hjson,9.18,modifying-task-config-2,7,1
856,6094ce8d0764c24f352d1fe5,hjson,4.435,modifying-task-config-3,7,1
857,6094ce8d0764c24f352d1fe5,hjson,6.525,modifying-task-config-4,1,5
858,6715c7aedee148c65c10509c,yaml,9.976,writing-task-NL,7,2
859,6715c7aedee148c65c10509c,yaml,6.132,reading-task-config-1,6,4
860,6715c7aedee148c65c10509c,yaml,7.346,reading-task-config-2,3,5
861,6715c7aedee148c65c10509c,yaml,3.451,reading-task-config-3,6,3
862,6715c7aedee148c65c10509c,yaml,5.025,reading-task-config-4,5,4
863,6715c7aedee148c65c10509c,yaml,5.287,reading-task-config-5,6,2
864,6715c7aedee148c65c10509c,yaml,6.321,writing-task-config,5,6
865,6715c7aedee148c65c10509c,yaml,4.185,modifying-task-config-1,7,5
866,6715c7aedee148c65c10509c,yaml,6.147,modifying-task-config-2,6,4
867,6715c7aedee148c65c10509c,yaml,4.951,modifying-task-config-3,5,4
868,6715c7aedee148c65c10509c,yaml,4.124,modifying-task-config-4,3,6
869,664e413a5f3eb7f99d90e15b,json,12.191,writing-task-NL,6,4
870,664e413a5f3eb7f99d90e15b,json,10.32,reading-task-config-1,6,4
871,664e413a5f3eb7f99d90e15b,json,5.245,reading-task-config-2,6,4
872,664e413a5f3eb7f99d90e15b,json,5.446,reading-task-config-3,6,5
873,664e413a5f3eb7f99d90e15b,json,7.052,reading-task-config-4,4,6
874,664e413a5f3eb7f99d90e15b,json,5.456,reading-task-config-5,5,5
875,664e413a5f3eb7f99d90e15b,json,29.118,writing-task-config,5,7
876,664e413a5f3eb7f99d90e15b,json,15.626,modifying-task-config-1,5,5
877,664e413a5f3eb7f99d90e15b,json,5.506,modifying-task-config-2,6,6
878,664e413a5f3eb7f99d90e15b,json,6.1,modifying-task-config-3,6,6
879,664e413a5f3eb7f99d90e15b,json,7.135,modifying-task-config-4,2,7
880,66a7e128f37f34ca658be38b,jsonc,6.477,writing-task-NL,5,2
881,66a7e128f37f34ca658be38b,jsonc,5.983,reading-task-config-1,7,2
882,66a7e128f37f34ca658be38b,jsonc,4.66,reading-task-config-2,7,1
883,66a7e128f37f34ca658be38b,jsonc,4.244,reading-task-config-3,6,3
884,66a7e128f37f34ca658be38b,jsonc,4.285,reading-task-config-4,4,5
885,66a7e128f37f34ca658be38b,jsonc,5.404,reading-task-config-5,5,6
886,66a7e128f37f34ca658be38b,jsonc,4.698,writing-task-config,4,7
887,66a7e128f37f34ca658be38b,jsonc,10.069,modifying-task-config-1,4,6
888,66a7e128f37f34ca658be38b,jsonc,4.955,modifying-task-config-2,7,5
889,66a7e128f37f34ca658be38b,jsonc,3.939,modifying-task-config-3,7,1
890,66a7e128f37f34ca658be38b,jsonc,3.456,modifying-task-config-4,3,7
891,65fb236a5a78fcf672df7469,json,13.847,writing-task-NL,7,2
892,65fb236a5a78fcf672df7469,json,13.397,reading-task-config-1,6,6
893,65fb236a5a78fcf672df7469,json,6.635,reading-task-config-2,4,7
894,65fb236a5a78fcf672df7469,json,7.704,reading-task-config-3,5,5
895,65fb236a5a78fcf672df7469,json,9.569,reading-task-config-4,4,6
896,65fb236a5a78fcf672df7469,json,7.828,reading-task-config-5,6,2
897,65fb236a5a78fcf672df7469,json,9.292,writing-task-config,4,7
898,65fb236a5a78fcf672df7469,json,6.301,modifying-task-config-1,6,2
899,65fb236a5a78fcf672df7469,json,9.654,modifying-task-config-2,6,3
900,65fb236a5a78fcf672df7469,json,6.142,modifying-task-config-3,6,2
901,65fb236a5a78fcf672df7469,json,7.517,modifying-task-config-4,6,3
902,60f7c71d1cffec381351b0b3,xml,11.601,writing-task-NL,6,2
903,60f7c71d1cffec381351b0b3,xml,7.653,reading-task-config-1,2,6
904,60f7c71d1cffec381351b0b3,xml,6.515,reading-task-config-2,2,6
905,60f7c71d1cffec381351b0b3,xml,5.757,reading-task-config-3,3,5
906,60f7c71d1cffec381351b0b3,xml,5.474,reading-task-config-4,1,7
907,60f7c71d1cffec381351b0b3,xml,4.645,reading-task-config-5,6,1
908,60f7c71d1cffec381351b0b3,xml,7.065,writing-task-config,1,7
909,60f7c71d1cffec381351b0b3,xml,6.441,modifying-task-config-1,1,5
910,60f7c71d1cffec381351b0b3,xml,6.088,modifying-task-config-2,2,7
911,60f7c71d1cffec381351b0b3,xml,6.562,modifying-task-config-3,4,5
912,60f7c71d1cffec381351b0b3,xml,3.844,modifying-task-config-4,1,7
913,675330fb23080b9ae3ec8239,json5,8.52,writing-task-NL,6,2
914,675330fb23080b9ae3ec8239,json5,8.969,reading-task-config-1,5,6
915,675330fb23080b9ae3ec8239,json5,11.401,reading-task-config-2,5,3
916,675330fb23080b9ae3ec8239,json5,7.413,reading-task-config-3,6,4
917,675330fb23080b9ae3ec8239,json5,7.468,reading-task-config-4,6,5
918,675330fb23080b9ae3ec8239,json5,7.323,reading-task-config-5,6,2
919,675330fb23080b9ae3ec8239,json5,10.235,writing-task-config,5,7
920,675330fb23080b9ae3ec8239,json5,9.488,modifying-task-config-1,6,2
921,675330fb23080b9ae3ec8239,json5,8.615,modifying-task-config-2,3,6
922,675330fb23080b9ae3ec8239,json5,5.379,modifying-task-config-3,6,2
923,675330fb23080b9ae3ec8239,json5,5.452,modifying-task-config-4,6,2
924,65fadedad737be57cd91c61f,jsonc,6.023,writing-task-NL,7,1
925,65fadedad737be57cd91c61f,jsonc,6.978,reading-task-config-1,7,1
926,65fadedad737be57cd91c61f,jsonc,5.051,reading-task-config-2,7,1
927,65fadedad737be57cd91c61f,jsonc,3.064,reading-task-config-3,7,1
928,65fadedad737be57cd91c61f,jsonc,5.079,reading-task-config-4,7,1
929,65fadedad737be57cd91c61f,jsonc,7.167,reading-task-config-5,7,1
930,65fadedad737be57cd91c61f,jsonc,4.435,writing-task-config,6,2
931,65fadedad737be57cd91c61f,jsonc,3.728,modifying-task-config-1,6,2
932,65fadedad737be57cd91c61f,jsonc,4.42,modifying-task-config-2,7,1
933,65fadedad737be57cd91c61f,jsonc,3.998,modifying-task-config-3,6,2
934,65fadedad737be57cd91c61f,jsonc,3.904,modifying-task-config-4,6,2
935,5fb4fcd1fce53c30649dd704,xml,17.431,writing-task-NL,6,2
936,5fb4fcd1fce53c30649dd704,xml,11.59,reading-task-config-1,4,6
937,5fb4fcd1fce53c30649dd704,xml,6.264,reading-task-config-2,4,6
938,5fb4fcd1fce53c30649dd704,xml,5.548,reading-task-config-3,4,6
939,5fb4fcd1fce53c30649dd704,xml,7.734,reading-task-config-4,4,6
940,5fb4fcd1fce53c30649dd704,xml,6.5,reading-task-config-5,4,6
941,5fb4fcd1fce53c30649dd704,xml,5.865,writing-task-config,4,6
942,5fb4fcd1fce53c30649dd704,xml,7.522,modifying-task-config-1,1,7
943,5fb4fcd1fce53c30649dd704,xml,7.25,modifying-task-config-2,1,7
944,5fb4fcd1fce53c30649dd704,xml,6.586,modifying-task-config-3,1,7
945,5fb4fcd1fce53c30649dd704,xml,6.969,modifying-task-config-4,1,7
946,67d0251c804fc17732eb948a,toml,8.761,writing-task-NL,6,2
947,67d0251c804fc17732eb948a,toml,9.697,reading-task-config-1,5,5
948,67d0251c804fc17732eb948a,toml,8.678,reading-task-config-2,5,4
949,67d0251c804fc17732eb948a,toml,5.704,reading-task-config-3,6,3
950,67d0251c804fc17732eb948a,toml,7.757,reading-task-config-4,1,7
951,67d0251c804fc17732eb948a,toml,7.897,reading-task-config-5,5,3
952,67d0251c804fc17732eb948a,toml,6.259,writing-task-config,4,7
953,67d0251c804fc17732eb948a,toml,14.762,modifying-task-config-1,4,5
954,67d0251c804fc17732eb948a,toml,6.71,modifying-task-config-2,6,5
955,67d0251c804fc17732eb948a,toml,13.613,modifying-task-config-3,5,4
956,67d0251c804fc17732eb948a,toml,6.88,modifying-task-config-4,5,7
957,67d11644421446068e1fec14,toml,17.568,writing-task-NL,7,3
958,67d11644421446068e1fec14,toml,5.122,reading-task-config-1,7,2
959,67d11644421446068e1fec14,toml,3.466,reading-task-config-2,7,2
960,67d11644421446068e1fec14,toml,3.762,reading-task-config-3,7,2
961,67d11644421446068e1fec14,toml,4.876,reading-task-config-4,7,1
962,67d11644421446068e1fec14,toml,3.806,reading-task-config-5,7,1
963,67d11644421446068e1fec14,toml,6.132,writing-task-config,6,3
964,67d11644421446068e1fec14,toml,3.458,modifying-task-config-1,7,1
965,67d11644421446068e1fec14,toml,4.344,modifying-task-config-2,7,1
966,67d11644421446068e1fec14,toml,3.727,modifying-task-config-3,7,1
967,67d11644421446068e1fec14,toml,4.045,modifying-task-config-4,7,2
968,67d0088c269b3e96d9ba6019,hjson,15.799,writing-task-NL,6,1
969,67d0088c269b3e96d9ba6019,hjson,18.527,reading-task-config-1,4,4
970,67d0088c269b3e96d9ba6019,hjson,6.27,reading-task-config-2,7,1
971,67d0088c269b3e96d9ba6019,hjson,6.707,reading-task-config-3,7,1
972,67d0088c269b3e96d9ba6019,hjson,5.818,reading-task-config-4,3,6
973,67d0088c269b3e96d9ba6019,hjson,16.23,reading-task-config-5,5,3
974,67d0088c269b3e96d9ba6019,hjson,6.981,writing-task-config,3,7
975,67d0088c269b3e96d9ba6019,hjson,7.84,modifying-task-config-1,3,5
976,67d0088c269b3e96d9ba6019,hjson,6.088,modifying-task-config-2,7,1
977,67d0088c269b3e96d9ba6019,hjson,5.198,modifying-task-config-3,1,7
978,67d0088c269b3e96d9ba6019,hjson,4.373,modifying-task-config-4,1,7
979,678a94ff1cf9f0775cb89e69,hjson,7.83,writing-task-NL,7,1
980,678a94ff1cf9f0775cb89e69,hjson,7.618,reading-task-config-1,2,7
981,678a94ff1cf9f0775cb89e69,hjson,8.553,reading-task-config-2,1,7
982,678a94ff1cf9f0775cb89e69,hjson,6.69,reading-task-config-3,2,7
983,678a94ff1cf9f0775cb89e69,hjson,8.95,reading-task-config-4,2,7
984,678a94ff1cf9f0775cb89e69,hjson,8.636,reading-task-config-5,2,7
985,678a94ff1cf9f0775cb89e69,hjson,6.014,writing-task-config,7,4
986,678a94ff1cf9f0775cb89e69,hjson,7.68,modifying-task-config-1,1,7
987,678a94ff1cf9f0775cb89e69,hjson,6.35,modifying-task-config-2,2,7
988,678a94ff1cf9f0775cb89e69,hjson,6.165,modifying-task-config-3,1,7
989,678a94ff1cf9f0775cb89e69,hjson,5.551,modifying-task-config-4,2,7
990,67176f0792ed8c4064f61a2c,json,15.063,writing-task-NL,7,1
991,67176f0792ed8c4064f61a2c,json,7.532,reading-task-config-1,7,1
992,67176f0792ed8c4064f61a2c,json,6.152,reading-task-config-2,7,1
993,67176f0792ed8c4064f61a2c,json,9.165,reading-task-config-3,6,1
994,67176f0792ed8c4064f61a2c,json,10.581,reading-task-config-4,6,4
995,67176f0792ed8c4064f61a2c,json,4.541,reading-task-config-5,7,1
996,67176f0792ed8c4064f61a2c,json,8.033,writing-task-config,2,7
997,67176f0792ed8c4064f61a2c,json,6.565,modifying-task-config-1,5,4
998,67176f0792ed8c4064f61a2c,json,5.235,modifying-task-config-2,5,2
999,67176f0792ed8c4064f61a2c,json,5.288,modifying-task-config-3,4,1
1000,67176f0792ed8c4064f61a2c,json,8.371,modifying-task-config-4,1,7
1001,678526627e48ded12935af38,yaml,17.406,writing-task-NL,2,2
1002,678526627e48ded12935af38,yaml,10.288,reading-task-config-1,6,2
1003,678526627e48ded12935af38,yaml,9.978,reading-task-config-2,6,2
1004,678526627e48ded12935af38,yaml,4.812,reading-task-config-3,6,2
1005,678526627e48ded12935af38,yaml,5.458,reading-task-config-4,1,7
1006,678526627e48ded12935af38,yaml,4.654,reading-task-config-5,7,1
1007,678526627e48ded12935af38,yaml,11.576,writing-task-config,4,5
1008,678526627e48ded12935af38,yaml,4.833,modifying-task-config-1,6,1
1009,678526627e48ded12935af38,yaml,6.416,modifying-task-config-2,5,3
1010,678526627e48ded12935af38,yaml,6.13,modifying-task-config-3,5,3
1011,678526627e48ded12935af38,yaml,6.252,modifying-task-config-4,6,2
1012,6738d09a032bf7224008ce7e,yaml,18.201,writing-task-NL,7,1
1013,6738d09a032bf7224008ce7e,yaml,6.274,reading-task-config-1,7,3
1014,6738d09a032bf7224008ce7e,yaml,6.239,reading-task-config-2,7,6
1015,6738d09a032bf7224008ce7e,yaml,7.153,reading-task-config-3,6,6
1016,6738d09a032bf7224008ce7e,yaml,5.185,reading-task-config-4,5,3
1017,6738d09a032bf7224008ce7e,yaml,5.681,reading-task-config-5,4,5
1018,6738d09a032bf7224008ce7e,yaml,5.48,writing-task-config,7,6
1019,6738d09a032bf7224008ce7e,yaml,8.095,modifying-task-config-1,6,4
1020,6738d09a032bf7224008ce7e,yaml,6.445,modifying-task-config-2,7,6
1021,6738d09a032bf7224008ce7e,yaml,9.257,modifying-task-config-3,7,6
1022,6738d09a032bf7224008ce7e,yaml,6.089,modifying-task-config-4,6,6
1023,62d6d87d91cf24a3c1c0f10c,hjson,6.279,writing-task-NL,7,1
1024,62d6d87d91cf24a3c1c0f10c,hjson,4.494,reading-task-config-1,7,1
1025,62d6d87d91cf24a3c1c0f10c,hjson,3.899,reading-task-config-2,5,2
1026,62d6d87d91cf24a3c1c0f10c,hjson,4.002,reading-task-config-3,6,1
1027,62d6d87d91cf24a3c1c0f10c,hjson,8.561,reading-task-config-4,4,4
1028,62d6d87d91cf24a3c1c0f10c,hjson,4.478,reading-task-config-5,7,1
1029,62d6d87d91cf24a3c1c0f10c,hjson,5.823,writing-task-config,1,6
1030,62d6d87d91cf24a3c1c0f10c,hjson,8.34,modifying-task-config-1,5,6
1031,62d6d87d91cf24a3c1c0f10c,hjson,5.057,modifying-task-config-2,6,2
1032,62d6d87d91cf24a3c1c0f10c,hjson,7.476,modifying-task-config-3,3,4
1033,62d6d87d91cf24a3c1c0f10c,hjson,5.834,modifying-task-config-4,2,6
1034,6554ea27378d1f1b846788b3,jsonc,13.461,writing-task-NL,7,2
1035,6554ea27378d1f1b846788b3,jsonc,7.842,reading-task-config-1,6,4
1036,6554ea27378d1f1b846788b3,jsonc,8.781,reading-task-config-2,6,3
1037,6554ea27378d1f1b846788b3,jsonc,5.592,reading-task-config-3,6,2
1038,6554ea27378d1f1b846788b3,jsonc,10.318,reading-task-config-4,3,7
1039,6554ea27378d1f1b846788b3,jsonc,7.236,reading-task-config-5,5,4
1040,6554ea27378d1f1b846788b3,jsonc,5.653,writing-task-config,1,7
1041,6554ea27378d1f1b846788b3,jsonc,5.051,modifying-task-config-1,5,3
1042,6554ea27378d1f1b846788b3,jsonc,6.722,modifying-task-config-2,2,7
1043,6554ea27378d1f1b846788b3,jsonc,7.767,modifying-task-config-3,5,2
1044,6554ea27378d1f1b846788b3,jsonc,5.012,modifying-task-config-4,4,6
1045,5795af044a84da00014c5df1,json,10.382,writing-task-NL,6,2
1046,5795af044a84da00014c5df1,json,6.223,reading-task-config-1,7,1
1047,5795af044a84da00014c5df1,json,5.972,reading-task-config-2,7,1
1048,5795af044a84da00014c5df1,json,4.758,reading-task-config-3,7,1
1049,5795af044a84da00014c5df1,json,5.927,reading-task-config-4,1,7
1050,5795af044a84da00014c5df1,json,8.325,reading-task-config-5,7,1
1051,5795af044a84da00014c5df1,json,5.268,writing-task-config,6,5
1052,5795af044a84da00014c5df1,json,3.883,modifying-task-config-1,7,1
1053,5795af044a84da00014c5df1,json,8.824,modifying-task-config-2,6,5
1054,5795af044a84da00014c5df1,json,6.977,modifying-task-config-3,6,5
1055,5795af044a84da00014c5df1,json,7.47,modifying-task-config-4,7,3
1056,681374d36d7bd7ccb6f914f5,json5,4.655,writing-task-NL,7,1
1057,681374d36d7bd7ccb6f914f5,json5,2.964,reading-task-config-1,7,1
1058,681374d36d7bd7ccb6f914f5,json5,2.873,reading-task-config-2,7,1
1059,681374d36d7bd7ccb6f914f5,json5,2.694,reading-task-config-3,7,1
1060,681374d36d7bd7ccb6f914f5,json5,4.21,reading-task-config-4,6,2
1061,681374d36d7bd7ccb6f914f5,json5,15.365,reading-task-config-5,7,1
1062,681374d36d7bd7ccb6f914f5,json5,2.501,writing-task-config,7,1
1063,681374d36d7bd7ccb6f914f5,json5,2.211,modifying-task-config-1,7,1
1064,681374d36d7bd7ccb6f914f5,json5,8.836,modifying-task-config-2,7,1
1065,681374d36d7bd7ccb6f914f5,json5,2.078,modifying-task-config-3,6,2
1066,681374d36d7bd7ccb6f914f5,json5,3.269,modifying-task-config-4,7,1
1067,61287939bc5a971fc15333e4,json,10.512,writing-task-NL,6,1
1068,61287939bc5a971fc15333e4,json,17.051,reading-task-config-1,5,1
1069,61287939bc5a971fc15333e4,json,9.778,reading-task-config-2,7,1
1070,61287939bc5a971fc15333e4,json,10.081,reading-task-config-3,7,1
1071,61287939bc5a971fc15333e4,json,10.843,reading-task-config-4,7,1
1072,61287939bc5a971fc15333e4,json,8.894,reading-task-config-5,7,1
1073,61287939bc5a971fc15333e4,json,9.535,writing-task-config,2,7
1074,61287939bc5a971fc15333e4,json,8.886,modifying-task-config-1,7,1
1075,61287939bc5a971fc15333e4,json,9.217,modifying-task-config-2,3,1
1076,61287939bc5a971fc15333e4,json,11.796,modifying-task-config-3,3,3
1077,61287939bc5a971fc15333e4,json,12.175,modifying-task-config-4,2,2
1078,65feaaac53eb219f09ad5ea0,toml,9.05,writing-task-NL,7,1
1079,65feaaac53eb219f09ad5ea0,toml,10.483,reading-task-config-1,6,2
1080,65feaaac53eb219f09ad5ea0,toml,10.533,reading-task-config-2,7,3
1081,65feaaac53eb219f09ad5ea0,toml,7.59,reading-task-config-3,7,2
1082,65feaaac53eb219f09ad5ea0,toml,8.772,reading-task-config-4,4,5
1083,65feaaac53eb219f09ad5ea0,toml,6.479,reading-task-config-5,7,1
1084,65feaaac53eb219f09ad5ea0,toml,7.196,writing-task-config,4,7
1085,65feaaac53eb219f09ad5ea0,toml,6.024,modifying-task-config-1,7,2
1086,65feaaac53eb219f09ad5ea0,toml,6.8,modifying-task-config-2,5,7
1087,65feaaac53eb219f09ad5ea0,toml,4.243,modifying-task-config-3,7,2
1088,65feaaac53eb219f09ad5ea0,toml,5.093,modifying-task-config-4,3,4
1089,5755c957eb80c4000741a9ce,json5,14.149,writing-task-NL,7,1
1090,5755c957eb80c4000741a9ce,json5,4.656,reading-task-config-1,7,1
1091,5755c957eb80c4000741a9ce,json5,3.179,reading-task-config-2,7,1
1092,5755c957eb80c4000741a9ce,json5,3.158,reading-task-config-3,7,1
1093,5755c957eb80c4000741a9ce,json5,6.053,reading-task-config-4,6,4
1094,5755c957eb80c4000741a9ce,json5,4.459,reading-task-config-5,7,2
1095,5755c957eb80c4000741a9ce,json5,8.71,writing-task-config,5,3
1096,5755c957eb80c4000741a9ce,json5,3.117,modifying-task-config-1,7,2
1097,5755c957eb80c4000741a9ce,json5,3.43,modifying-task-config-2,7,3
1098,5755c957eb80c4000741a9ce,json5,5.097,modifying-task-config-3,6,2
1099,5755c957eb80c4000741a9ce,json5,2.334,modifying-task-config-4,6,2
1100,6693d3ae2bd15cf7a058e6a7,json5,10.968,writing-task-NL,7,1
1101,6693d3ae2bd15cf7a058e6a7,json5,9.874,reading-task-config-1,7,5
1102,6693d3ae2bd15cf7a058e6a7,json5,6.782,reading-task-config-2,7,1
1103,6693d3ae2bd15cf7a058e6a7,json5,9.355,reading-task-config-3,6,2
1104,6693d3ae2bd15cf7a058e6a7,json5,9.112,reading-task-config-4,7,1
1105,6693d3ae2bd15cf7a058e6a7,json5,5.79,reading-task-config-5,7,1
1106,6693d3ae2bd15cf7a058e6a7,json5,12.394,writing-task-config,3,7
1107,6693d3ae2bd15cf7a058e6a7,json5,9.612,modifying-task-config-1,7,1
1108,6693d3ae2bd15cf7a058e6a7,json5,5.318,modifying-task-config-2,7,1
1109,6693d3ae2bd15cf7a058e6a7,json5,5.23,modifying-task-config-3,7,1
1110,6693d3ae2bd15cf7a058e6a7,json5,5.564,modifying-task-config-4,7,1
1111,60e2bf0aa568b97e8d525872,toml,7.958,writing-task-NL,6,5
1112,60e2bf0aa568b97e8d525872,toml,8.901,reading-task-config-1,1,7
1113,60e2bf0aa568b97e8d525872,toml,6.861,reading-task-config-2,2,7
1114,60e2bf0aa568b97e8d525872,toml,5.864,reading-task-config-3,2,6
1115,60e2bf0aa568b97e8d525872,toml,5.51,reading-task-config-4,3,7
1116,60e2bf0aa568b97e8d525872,toml,8.549,reading-task-config-5,6,2
1117,60e2bf0aa568b97e8d525872,toml,5.245,writing-task-config,1,7
1118,60e2bf0aa568b97e8d525872,toml,7.481,modifying-task-config-1,4,4
1119,60e2bf0aa568b97e8d525872,toml,42.264,modifying-task-config-2,2,7
1120,60e2bf0aa568b97e8d525872,toml,14.688,modifying-task-config-3,3,6
1121,60e2bf0aa568b97e8d525872,toml,4.673,modifying-task-config-4,1,7
1122,67d24179c5bd87691f1fe036,yaml,5.78,writing-task-NL,7,1
1123,67d24179c5bd87691f1fe036,yaml,3.98,reading-task-config-1,6,1
1124,67d24179c5bd87691f1fe036,yaml,5.705,reading-task-config-2,6,2
1125,67d24179c5bd87691f1fe036,yaml,3.529,reading-task-config-3,6,2
1126,67d24179c5bd87691f1fe036,yaml,5.072,reading-task-config-4,2,6
1127,67d24179c5bd87691f1fe036,yaml,3.888,reading-task-config-5,5,4
1128,67d24179c5bd87691f1fe036,yaml,4.563,writing-task-config,2,6
1129,67d24179c5bd87691f1fe036,yaml,4.981,modifying-task-config-1,5,2
1130,67d24179c5bd87691f1fe036,yaml,8.193,modifying-task-config-2,3,4
1131,67d24179c5bd87691f1fe036,yaml,4.247,modifying-task-config-3,2,4
1132,67d24179c5bd87691f1fe036,yaml,4.065,modifying-task-config-4,1,4
1133,5c4f5967aac8be0001716a65,xml,6.492,writing-task-NL,6,2
1134,5c4f5967aac8be0001716a65,xml,4.663,reading-task-config-1,5,2
1135,5c4f5967aac8be0001716a65,xml,4.721,reading-task-config-2,5,2
1136,5c4f5967aac8be0001716a65,xml,2.726,reading-task-config-3,5,2
1137,5c4f5967aac8be0001716a65,xml,4.587,reading-task-config-4,4,3
1138,5c4f5967aac8be0001716a65,xml,2.352,reading-task-config-5,7,1
1139,5c4f5967aac8be0001716a65,xml,7.211,writing-task-config,3,5
1140,5c4f5967aac8be0001716a65,xml,5.084,modifying-task-config-1,6,2
1141,5c4f5967aac8be0001716a65,xml,4.467,modifying-task-config-2,5,3
1142,5c4f5967aac8be0001716a65,xml,2.921,modifying-task-config-3,5,1
1143,5c4f5967aac8be0001716a65,xml,4.825,modifying-task-config-4,3,4
1144,6680071d60b3642bcf5dad37,jsonc,17.145,writing-task-NL,7,2
1145,6680071d60b3642bcf5dad37,jsonc,10.148,reading-task-config-1,6,3
1146,6680071d60b3642bcf5dad37,jsonc,6.662,reading-task-config-2,6,2
1147,6680071d60b3642bcf5dad37,jsonc,10.275,reading-task-config-3,6,1
1148,6680071d60b3642bcf5dad37,jsonc,8.277,reading-task-config-4,5,3
1149,6680071d60b3642bcf5dad37,jsonc,5.512,reading-task-config-5,7,2
1150,6680071d60b3642bcf5dad37,jsonc,7.476,writing-task-config,5,4
1151,6680071d60b3642bcf5dad37,jsonc,5.1,modifying-task-config-1,6,2
1152,6680071d60b3642bcf5dad37,jsonc,4.687,modifying-task-config-2,7,1
1153,6680071d60b3642bcf5dad37,jsonc,8.061,modifying-task-config-3,6,3
1154,6680071d60b3642bcf5dad37,jsonc,6.031,modifying-task-config-4,5,4
